material_data/paper/images269.jpg,1,0,0,0,0
material_data/paper/image22.jpeg,1,0,0,0,0
material_data/paper/Reducing-paper-usage-in-the-office.jpg,1,0,0,0,0
material_data/paper/images644.jpg,1,0,0,0,0
material_data/paper/paper.jpg,1,0,0,0,0
material_data/paper/images268.jpg,1,0,0,0,0
material_data/paper/images532.jpg,1,0,0,0,0
material_data/paper/image18.jpeg,1,0,0,0,0
material_data/paper/images25.jpg,1,0,0,0,0
material_data/paper/Syn_Tridura_1_ALT.jpg,1,0,0,0,0
material_data/paper/087154_A_ecommfullsize.jpg,1,0,0,0,0
material_data/paper/images30.jpg,1,0,0,0,0
material_data/paper/image15.jpeg,1,0,0,0,0
material_data/paper/images20.jpg,1,0,0,0,0
material_data/paper/images535.jpg,1,0,0,0,0
material_data/paper/61HZTvBvUvL._SL1500_.jpg,1,0,0,0,0
material_data/paper/220px-Paper_450x450.jpg,1,0,0,0,0
material_data/paper/images455.jpg,1,0,0,0,0
material_data/paper/153069.jpg,1,0,0,0,0
material_data/paper/images536.jpg,1,0,0,0,0
material_data/paper/images250.jpg,1,0,0,0,0
material_data/paper/image19.jpeg,1,0,0,0,0
material_data/paper/FPOHEGIIAY1N6E7.jpg,1,0,0,0,0
material_data/paper/1-04851-00_BL_Notebook_Paper_Punch_G-600x735.jpg,1,0,0,0,0
material_data/paper/images442.jpg,1,0,0,0,0
material_data/paper/F2LGVMHIY4QBQVT.jpg,1,0,0,0,0
material_data/paper/image23.jpeg,1,0,0,0,0
material_data/paper/images51.jpg,1,0,0,0,0
material_data/paper/better-valuations-of-paper-companies-just-a-matter-of-time.jpg,1,0,0,0,0
material_data/paper/038779_ecommfullsize.jpg,1,0,0,0,0
material_data/paper/images197.jpg,1,0,0,0,0
material_data/paper/image28.jpeg,1,0,0,0,0
material_data/paper/images394.jpg,1,0,0,0,0
material_data/paper/images169.jpg,1,0,0,0,0
material_data/paper/images633.jpg,1,0,0,0,0
material_data/paper/s-l400.jpg,1,0,0,0,0
material_data/paper/61394-400x300-Yellow_paper.jpg,1,0,0,0,0
material_data/paper/images592.jpg,1,0,0,0,0
material_data/paper/61qSdyDYbZL._SL1185_.jpg,1,0,0,0,0
material_data/paper/images194.jpg,1,0,0,0,0
material_data/paper/image24.jpeg,1,0,0,0,0
material_data/paper/images631.jpg,1,0,0,0,0
material_data/paper/images5.jpg,1,0,0,0,0
material_data/paper/images432.jpg,1,0,0,0,0
material_data/paper/blank-brown-paper-design_53876-97554.jpg,1,0,0,0,0
material_data/paper/images624.jpg,1,0,0,0,0
material_data/paper/image6.jpeg,1,0,0,0,0
material_data/paper/images53.jpg,1,0,0,0,0
material_data/paper/images84.jpg,1,0,0,0,0
material_data/paper/images556.jpg,1,0,0,0,0
material_data/paper/image7.jpeg,1,0,0,0,0
material_data/paper/images634.jpg,1,0,0,0,0
material_data/paper/76813011.jpg,1,0,0,0,0
material_data/paper/paper2.jpg,1,0,0,0,0
material_data/paper/images351.jpg,1,0,0,0,0
material_data/paper/images621.jpg,1,0,0,0,0
material_data/paper/image25.jpeg,1,0,0,0,0
material_data/paper/images225.jpg,1,0,0,0,0
material_data/paper/images596.jpg,1,0,0,0,0
material_data/paper/images582.jpg,1,0,0,0,0
material_data/paper/27SCI-CRUMPLE-promo-superJumbo.jpg,1,0,0,0,0
material_data/paper/images384.jpg,1,0,0,0,0
material_data/paper/paper_111691001.jpg,1,0,0,0,0
material_data/paper/image29.jpeg,1,0,0,0,0
material_data/paper/crumbled-piece-of-paper-social-1617406895.jpg,1,0,0,0,0
material_data/paper/images41.jpg,1,0,0,0,0
material_data/paper/images175.jpg,1,0,0,0,0
material_data/paper/image8.jpeg,1,0,0,0,0
material_data/paper/images388.jpg,1,0,0,0,0
material_data/paper/images405.jpg,1,0,0,0,0
material_data/paper/images174.jpg,1,0,0,0,0
material_data/paper/71hF9Eo3SL._AC_SL1500_.jpg,1,0,0,0,0
material_data/paper/s4410003.png,1,0,0,0,0
material_data/paper/U2a37859b4caf4973a48ef2640b2065f8T.jpg,1,0,0,0,0
material_data/paper/61OorFhm6SL.jpg,1,0,0,0,0
material_data/paper/-productpicture-lores-paperroll_main.png.png,1,0,0,0,0
material_data/paper/image4.jpeg,1,0,0,0,0
material_data/paper/2017050120BASICALLY8900.jpg,1,0,0,0,0
material_data/paper/images604.jpg,1,0,0,0,0
material_data/paper/images374.jpg,1,0,0,0,0
material_data/paper/41QHprDMrUL.jpg,1,0,0,0,0
material_data/paper/images163.jpg,1,0,0,0,0
material_data/paper/image26.jpeg,1,0,0,0,0
material_data/paper/images229.jpg,1,0,0,0,0
material_data/paper/Continuous_form_paper_2814p875_x_1129.jpg,1,0,0,0,0
material_data/paper/image.jpeg,1,0,0,0,0
material_data/paper/image27.jpeg,1,0,0,0,0
material_data/paper/images173.jpg,1,0,0,0,0
material_data/paper/images9.jpg,1,0,0,0,0
material_data/paper/images364.jpg,1,0,0,0,0
material_data/paper/images166.jpg,1,0,0,0,0
material_data/paper/image5.jpeg,1,0,0,0,0
material_data/paper/61fJwkPfP5L._AC_SX679_.jpg,1,0,0,0,0
material_data/paper/HD_1952.jpg,1,0,0,0,0
material_data/paper/-productpicture-lores-paperstack_main.png.png,1,0,0,0,0
material_data/paper/image30.png,1,0,0,0,0
material_data/paper/images170.jpg,1,0,0,0,0
material_data/paper/images429.jpg,1,0,0,0,0
material_data/paper/images603.jpg,1,0,0,0,0
material_data/paper/image31.png,1,0,0,0,0
material_data/paper/homemadepaper.jpg,1,0,0,0,0
material_data/paper/20210125lnp1-papers.jpg,1,0,0,0,0
material_data/paper/images274.jpg,1,0,0,0,0
material_data/paper/images512.jpg,1,0,0,0,0
material_data/paper/image2.jpeg,1,0,0,0,0
material_data/paper/image20.jpeg,1,0,0,0,0
material_data/paper/Paper-Utility_Paper-Saving_EPN.jpg,1,0,0,0,0
material_data/paper/image16.jpeg,1,0,0,0,0
material_data/paper/images505.jpg,1,0,0,0,0
material_data/paper/images464.jpg,1,0,0,0,0
material_data/paper/Paper-Rice-Menu-Selection-Paper-Rice-Home-Overlay.jpg,1,0,0,0,0
material_data/paper/images111.jpg,1,0,0,0,0
material_data/paper/EarthShare-News-Blog-Reduce-Your-Paper-Waste.jpg,1,0,0,0,0
material_data/paper/images273.jpg,1,0,0,0,0
material_data/paper/a3-paper-stack.jpg,1,0,0,0,0
material_data/paper/paper-stack-3_37212591_ver1.0-1.jpg,1,0,0,0,0
material_data/paper/image17.jpeg,1,0,0,0,0
material_data/paper/1.jpg,1,0,0,0,0
material_data/paper/image21.jpeg,1,0,0,0,0
material_data/paper/images107.jpg,1,0,0,0,0
material_data/paper/images463.jpg,1,0,0,0,0
material_data/paper/images112.jpg,1,0,0,0,0
material_data/paper/image3.jpeg,1,0,0,0,0
material_data/paper/design-space-paper-textured-background_53876-42312.jpg,1,0,0,0,0
material_data/paper/bnhxymjfcxe41.jpg,1,0,0,0,0
material_data/paper/images17.jpg,1,0,0,0,0
material_data/plastics/images26.jpg,0,1,0,0,0
material_data/plastics/image22.jpeg,0,1,0,0,0
material_data/plastics/images862.jpg,0,1,0,0,0
material_data/plastics/full_38490.jpg,0,1,0,0,0
material_data/plastics/1609686746-9012.jpg,0,1,0,0,0
material_data/plastics/final.jpg,0,1,0,0,0
material_data/plastics/image21 1.08.00 PM.jpeg,0,1,0,0,0
material_data/plastics/images295.jpg,0,1,0,0,0
material_data/plastics/images256.jpg,0,1,0,0,0
material_data/plastics/a68337d8-8d0f-4f80-b33c-c0768471ed43.fa45df9bda4634320bdd51ce445a6c46.jpeg,0,1,0,0,0
material_data/plastics/images134.jpg,0,1,0,0,0
material_data/plastics/GettyImages-183243429-19b6426.jpg,0,1,0,0,0
material_data/plastics/images120.jpg,0,1,0,0,0
material_data/plastics/image13 1.08.00 PM.jpeg,0,1,0,0,0
material_data/plastics/image30 1.08.01 PM.jpeg,0,1,0,0,0
material_data/plastics/image29 1.08.01 PM.jpeg,0,1,0,0,0
material_data/plastics/b6PDPhWDTcKYT8mJnnJBUd.jpg,0,1,0,0,0
material_data/plastics/image14.jpeg,0,1,0,0,0
material_data/plastics/images280.jpg,0,1,0,0,0
material_data/plastics/image15.jpeg,0,1,0,0,0
material_data/plastics/images284.jpg,0,1,0,0,0
material_data/plastics/images290.jpg,0,1,0,0,0
material_data/plastics/Plastics-Production_resize_md.jpg,0,1,0,0,0
material_data/plastics/images34.jpg,0,1,0,0,0
material_data/plastics/61fCWfnvJxL._SL1374_.jpg,0,1,0,0,0
material_data/plastics/images131.jpg,0,1,0,0,0
material_data/plastics/images905.jpg,0,1,0,0,0
material_data/plastics/images291.jpg,0,1,0,0,0
material_data/plastics/image26 1.08.00 PM.jpeg,0,1,0,0,0
material_data/plastics/Homepage-2.jpg,0,1,0,0,0
material_data/plastics/images37.jpg,0,1,0,0,0
material_data/plastics/image19.jpeg,0,1,0,0,0
material_data/plastics/UKRI-020921-GettyImages-1179718536-735x490.jpg,0,1,0,0,0
material_data/plastics/539787-istock-883173836.jpg,0,1,0,0,0
material_data/plastics/images126.jpg,0,1,0,0,0
material_data/plastics/images132.jpg,0,1,0,0,0
material_data/plastics/bot600.jpg,0,1,0,0,0
material_data/plastics/images133.jpg,0,1,0,0,0
material_data/plastics/102178025-Premium_Platic_Bottles.jpg,0,1,0,0,0
material_data/plastics/ago_downloaded.jpg,0,1,0,0,0
material_data/plastics/images 1.08.00 PM.jpg,0,1,0,0,0
material_data/plastics/images286.jpg,0,1,0,0,0
material_data/plastics/images222.jpg,0,1,0,0,0
material_data/plastics/images140.jpg,0,1,0,0,0
material_data/plastics/image28.jpeg,0,1,0,0,0
material_data/plastics/932af882-0268-4c35-8eb2-3386a204c816_1.276a69b440e51c1e2b758e74be5ab128.jpeg,0,1,0,0,0
material_data/plastics/images154.jpg,0,1,0,0,0
material_data/plastics/images169.jpg,0,1,0,0,0
material_data/plastics/28Blum1-mobileMasterAt3x.jpg,0,1,0,0,0
material_data/plastics/images78.jpg,0,1,0,0,0
material_data/plastics/images93.jpg,0,1,0,0,0
material_data/plastics/images586.jpg,0,1,0,0,0
material_data/plastics/image12.jpeg,0,1,0,0,0
material_data/plastics/39c57276-8564-11eb-89af-a9c15ce10d9f_1615795489004.jpg,0,1,0,0,0
material_data/plastics/images157.jpg,0,1,0,0,0
material_data/plastics/Singleuseplastics.jpg,0,1,0,0,0
material_data/plastics/the-plastic-bottle.jpg,0,1,0,0,0
material_data/plastics/images156.jpg,0,1,0,0,0
material_data/plastics/85323-426x282r1-PlasticBottles.jpg,0,1,0,0,0
material_data/plastics/images53.jpg,0,1,0,0,0
material_data/plastics/images80.jpg,0,1,0,0,0
material_data/plastics/images224.jpg,0,1,0,0,0
material_data/plastics/img-1-small580.jpg,0,1,0,0,0
material_data/plastics/images185.jpg,0,1,0,0,0
material_data/plastics/image27 1.08.01 PM.jpeg,0,1,0,0,0
material_data/plastics/single-use-plastics.gif,0,1,0,0,0
material_data/plastics/full_38609.jpg,0,1,0,0,0
material_data/plastics/Plastic_AdobeStock_193574934_banner.jpg,0,1,0,0,0
material_data/plastics/images153.jpg,0,1,0,0,0
material_data/plastics/7KVD5HSVHEI6RHERPWVVS3UCKI.jpg,0,1,0,0,0
material_data/plastics/4_image-asset.jpg,0,1,0,0,0
material_data/plastics/D9_12_409_1200.jpg,0,1,0,0,0
material_data/plastics/image12 1.08.00 PM.jpeg,0,1,0,0,0
material_data/plastics/images54.jpg,0,1,0,0,0
material_data/plastics/Bottles-Consortium-Group-Photo-Jerome-Palle-FTR.jpg,0,1,0,0,0
material_data/plastics/image31 1.08.01 PM.jpeg,0,1,0,0,0
material_data/plastics/Ask-the-experts-Plastic-water-bottles.jpg,0,1,0,0,0
material_data/plastics/bottles-4276208_1920-1024x683.jpg,0,1,0,0,0
material_data/plastics/giuseppe-famiani-482338-unsplash_1024x.jpg,0,1,0,0,0
material_data/plastics/1_plastic_bottles_3600x.jpg,0,1,0,0,0
material_data/plastics/bottled-water-plastic.jpg,0,1,0,0,0
material_data/plastics/cbwb83_web.jpg,0,1,0,0,0
material_data/plastics/images193.jpg,0,1,0,0,0
material_data/plastics/plastic_.jpg,0,1,0,0,0
material_data/plastics/pi_abt_ocean_bound_plastic.jpg,0,1,0,0,0
material_data/plastics/plastic-bottles-1.jpg,0,1,0,0,0
material_data/plastics/images82.jpg,0,1,0,0,0
material_data/plastics/shutterstock_621455900_bottle-stock-flipped_web.jpg,0,1,0,0,0
material_data/plastics/Plastics-scaled.png,0,1,0,0,0
material_data/plastics/images162 copy.jpg,0,1,0,0,0
material_data/plastics/625146-plastic-bottles.jpg,0,1,0,0,0
material_data/plastics/1_plastic_bottles_1200x1200.jpg,0,1,0,0,0
material_data/plastics/Water20Bottles20Resized.jpg,0,1,0,0,0
material_data/plastics/images216.jpg,0,1,0,0,0
material_data/plastics/277834614_e50106dfc3_o_2400.jpg,0,1,0,0,0
material_data/plastics/images162.jpg,0,1,0,0,0
material_data/plastics/plastics_materials_resized.jpg,0,1,0,0,0
material_data/plastics/images163.jpg,0,1,0,0,0
material_data/plastics/images177.jpg,0,1,0,0,0
material_data/plastics/image18 1.08.00 PM.jpeg,0,1,0,0,0
material_data/plastics/c5b69423-5eb4-49cc-9f1f-0a04b7a35d43.jpg,0,1,0,0,0
material_data/plastics/image22 1.08.00 PM.jpeg,0,1,0,0,0
material_data/plastics/42-18260830.jpg,0,1,0,0,0
material_data/plastics/images832.jpg,0,1,0,0,0
material_data/plastics/image27.jpeg,0,1,0,0,0
material_data/plastics/images167.jpg,0,1,0,0,0
material_data/plastics/Fact-or-fiction-Freezing-plastic.jpg,0,1,0,0,0
material_data/plastics/images166.jpg,0,1,0,0,0
material_data/plastics/images172.jpg,0,1,0,0,0
material_data/plastics/blog-1.jpg,0,1,0,0,0
material_data/plastics/images199.jpg,0,1,0,0,0
material_data/plastics/mixed-plastics-bales-20190219-By-maciej-nicgorski-Shutterstock_1151862341-web.jpg,0,1,0,0,0
material_data/plastics/page-plasticbottles.jpg,0,1,0,0,0
material_data/plastics/Adobe-Stock-photos-plastic-today.jpg,0,1,0,0,0
material_data/plastics/2021-03-04-plasticstrade3-1200x675.jpg,0,1,0,0,0
material_data/plastics/images170.jpg,0,1,0,0,0
material_data/plastics/image10 1.08.00 PM.jpeg,0,1,0,0,0
material_data/plastics/images165.jpg,0,1,0,0,0
material_data/plastics/images824.jpg,0,1,0,0,0
material_data/plastics/images248.jpg,0,1,0,0,0
material_data/plastics/header_bottle.jpg,0,1,0,0,0
material_data/plastics/images857.jpg,0,1,0,0,0
material_data/plastics/image23 1.08.00 PM.jpeg,0,1,0,0,0
material_data/plastics/image20.jpeg,0,1,0,0,0
material_data/plastics/waterbottle-300x300.jpg,0,1,0,0,0
material_data/plastics/images249.jpg,0,1,0,0,0
material_data/plastics/220px-Botella_de_plC3A1stico_-_PET.jpg,0,1,0,0,0
material_data/plastics/image16.jpeg,0,1,0,0,0
material_data/plastics/images10.jpg,0,1,0,0,0
material_data/plastics/Thumnail_Recoup.jpg,0,1,0,0,0
material_data/plastics/plastic2.jpg,0,1,0,0,0
material_data/plastics/images131 copy.jpg,0,1,0,0,0
material_data/plastics/image-large.jpg,0,1,0,0,0
material_data/plastics/images882.jpg,0,1,0,0,0
material_data/plastics/image11 1.08.00 PM.jpeg,0,1,0,0,0
material_data/plastics/images909.jpg,0,1,0,0,0
material_data/plastics/image32 1.08.01 PM.jpeg,0,1,0,0,0
material_data/plastics/images289.jpg,0,1,0,0,0
material_data/plastics/GettyImages-1176700286-scaled.jpg,0,1,0,0,0
material_data/plastics/images299.jpg,0,1,0,0,0
material_data/plastics/image16 1.08.00 PM.jpeg,0,1,0,0,0
material_data/plastics/images138.jpg,0,1,0,0,0
material_data/plastics/images104.jpg,0,1,0,0,0
material_data/plastics/images313.jpg,0,1,0,0,0
material_data/plastics/plasticbottles020721.jpg,0,1,0,0,0
material_data/plastics/NewsImage_26695.jpg,0,1,0,0,0
material_data/plastics/image21.jpeg,0,1,0,0,0
material_data/plastics/AdobeStock_118070377.jpeg,0,1,0,0,0
material_data/plastics/14af7674-1023-4596-af7e-d638fd3694dd.jpg,0,1,0,0,0
material_data/plastics/images305.jpg,0,1,0,0,0
material_data/plastics/image19 1.08.00 PM.jpeg,0,1,0,0,0
material_data/plastics/image24 1.08.00 PM.jpeg,0,1,0,0,0
material_data/nr/images296.jpg,0,0,0,0,1
material_data/nr/images282.jpg,0,0,0,0,1
material_data/nr/images255.jpg,0,0,0,0,1
material_data/nr/images26.jpg,0,0,0,0,1
material_data/nr/images533.jpg,0,0,0,0,1
material_data/nr/images527.jpg,0,0,0,0,1
material_data/nr/images241.jpg,0,0,0,0,1
material_data/nr/images32.jpg,0,0,0,0,1
material_data/nr/images269.jpg,0,0,0,0,1
material_data/nr/images916.jpg,0,0,0,0,1
material_data/nr/images902.jpg,0,0,0,0,1
material_data/nr/images731.jpg,0,0,0,0,1
material_data/nr/art.rotor2.jpg,0,0,0,0,1
material_data/nr/images725.jpg,0,0,0,0,1
material_data/nr/images719.jpg,0,0,0,0,1
material_data/nr/images686.jpg,0,0,0,0,1
material_data/nr/images692.jpg,0,0,0,0,1
material_data/nr/image22.jpeg,0,0,0,0,1
material_data/nr/577455f1-b269-4da3-beb7-8d7aa79de07a-home-hiding-in-forest-new-zealand-33.jpg,0,0,0,0,1
material_data/nr/images862.jpg,0,0,0,0,1
material_data/nr/images876.jpg,0,0,0,0,1
material_data/nr/images645.jpg,0,0,0,0,1
material_data/nr/images123.jpg,0,0,0,0,1
material_data/nr/images137.jpg,0,0,0,0,1
material_data/nr/images889.jpg,0,0,0,0,1
material_data/nr/images651.jpg,0,0,0,0,1
material_data/nr/images679.jpg,0,0,0,0,1
material_data/nr/images484.jpg,0,0,0,0,1
material_data/nr/images490.jpg,0,0,0,0,1
material_data/nr/images321.jpg,0,0,0,0,1
material_data/nr/images447.jpg,0,0,0,0,1
material_data/nr/images453.jpg,0,0,0,0,1
material_data/nr/images335.jpg,0,0,0,0,1
material_data/nr/images309.jpg,0,0,0,0,1
material_data/nr/images308.jpg,0,0,0,0,1
material_data/nr/images452.jpg,0,0,0,0,1
material_data/nr/images334.jpg,0,0,0,0,1
material_data/nr/images320.jpg,0,0,0,0,1
material_data/nr/images446.jpg,0,0,0,0,1
material_data/nr/f7f1ceeef9f07b26f192855cfab863e8.jpg,0,0,0,0,1
material_data/nr/images491.jpg,0,0,0,0,1
material_data/nr/images485.jpg,0,0,0,0,1
material_data/nr/images678.jpg,0,0,0,0,1
material_data/nr/images136.jpg,0,0,0,0,1
material_data/nr/images650.jpg,0,0,0,0,1
material_data/nr/images888.jpg,0,0,0,0,1
material_data/nr/images644.jpg,0,0,0,0,1
material_data/nr/images122.jpg,0,0,0,0,1
material_data/nr/images877.jpg,0,0,0,0,1
material_data/nr/images863.jpg,0,0,0,0,1
material_data/nr/Queen.png,0,0,0,0,1
material_data/nr/images693.jpg,0,0,0,0,1
material_data/nr/images687.jpg,0,0,0,0,1
material_data/nr/images718.jpg,0,0,0,0,1
material_data/nr/images724.jpg,0,0,0,0,1
material_data/nr/images730.jpg,0,0,0,0,1
material_data/nr/images903.jpg,0,0,0,0,1
material_data/nr/images917.jpg,0,0,0,0,1
material_data/nr/images268.jpg,0,0,0,0,1
material_data/nr/images526.jpg,0,0,0,0,1
material_data/nr/images33.jpg,0,0,0,0,1
material_data/nr/images240.jpg,0,0,0,0,1
material_data/nr/images27.jpg,0,0,0,0,1
material_data/nr/images254.jpg,0,0,0,0,1
material_data/nr/images532.jpg,0,0,0,0,1
material_data/nr/image18.jpeg,0,0,0,0,1
material_data/nr/images283.jpg,0,0,0,0,1
material_data/nr/images297.jpg,0,0,0,0,1
material_data/nr/images281.jpg,0,0,0,0,1
material_data/nr/images295.jpg,0,0,0,0,1
material_data/nr/images31.jpg,0,0,0,0,1
material_data/nr/images242.jpg,0,0,0,0,1
material_data/nr/images524.jpg,0,0,0,0,1
material_data/nr/images530.jpg,0,0,0,0,1
material_data/nr/images25.jpg,0,0,0,0,1
material_data/nr/images256.jpg,0,0,0,0,1
material_data/nr/images518.jpg,0,0,0,0,1
material_data/nr/images19.jpg,0,0,0,0,1
material_data/nr/images929.jpg,0,0,0,0,1
material_data/nr/images901.jpg,0,0,0,0,1
material_data/nr/images915.jpg,0,0,0,0,1
material_data/nr/images726.jpg,0,0,0,0,1
material_data/nr/images732.jpg,0,0,0,0,1
material_data/nr/images691.jpg,0,0,0,0,1
material_data/nr/images849.jpg,0,0,0,0,1
material_data/nr/images685.jpg,0,0,0,0,1
material_data/nr/images875.jpg,0,0,0,0,1
material_data/nr/images861.jpg,0,0,0,0,1
material_data/nr/images652.jpg,0,0,0,0,1
material_data/nr/images134.jpg,0,0,0,0,1
material_data/nr/images120.jpg,0,0,0,0,1
material_data/nr/images646.jpg,0,0,0,0,1
material_data/nr/images108.jpg,0,0,0,0,1
material_data/nr/images493.jpg,0,0,0,0,1
material_data/nr/images487.jpg,0,0,0,0,1
material_data/nr/images336.jpg,0,0,0,0,1
material_data/nr/images450.jpg,0,0,0,0,1
material_data/nr/images444.jpg,0,0,0,0,1
material_data/nr/images322.jpg,0,0,0,0,1
material_data/nr/images478.jpg,0,0,0,0,1
material_data/nr/most-stylish-small-houses-05.jpg,0,0,0,0,1
material_data/nr/images479.jpg,0,0,0,0,1
material_data/nr/images445.jpg,0,0,0,0,1
material_data/nr/images323.jpg,0,0,0,0,1
material_data/nr/images337.jpg,0,0,0,0,1
material_data/nr/images451.jpg,0,0,0,0,1
material_data/nr/images486.jpg,0,0,0,0,1
material_data/nr/images492.jpg,0,0,0,0,1
material_data/nr/images109.jpg,0,0,0,0,1
material_data/nr/9b03a91b55f5408980862881d9255102.jpg,0,0,0,0,1
material_data/nr/outside-inside-03-4.jpg,0,0,0,0,1
material_data/nr/images121.jpg,0,0,0,0,1
material_data/nr/images647.jpg,0,0,0,0,1
material_data/nr/images653.jpg,0,0,0,0,1
material_data/nr/images135.jpg,0,0,0,0,1
material_data/nr/images860.jpg,0,0,0,0,1
material_data/nr/images874.jpg,0,0,0,0,1
material_data/nr/images684.jpg,0,0,0,0,1
material_data/nr/images848.jpg,0,0,0,0,1
material_data/nr/images690.jpg,0,0,0,0,1
material_data/nr/images733.jpg,0,0,0,0,1
material_data/nr/images727.jpg,0,0,0,0,1
material_data/nr/images914.jpg,0,0,0,0,1
material_data/nr/images900.jpg,0,0,0,0,1
material_data/nr/images928.jpg,0,0,0,0,1
material_data/nr/images18.jpg,0,0,0,0,1
material_data/nr/images519.jpg,0,0,0,0,1
material_data/nr/images531.jpg,0,0,0,0,1
material_data/nr/images257.jpg,0,0,0,0,1
material_data/nr/images24.jpg,0,0,0,0,1
material_data/nr/images243.jpg,0,0,0,0,1
material_data/nr/images30.jpg,0,0,0,0,1
material_data/nr/images525.jpg,0,0,0,0,1
material_data/nr/image14.jpeg,0,0,0,0,1
material_data/nr/images294.jpg,0,0,0,0,1
material_data/nr/images280.jpg,0,0,0,0,1
material_data/nr/image15.jpeg,0,0,0,0,1
material_data/nr/images284.jpg,0,0,0,0,1
material_data/nr/images290.jpg,0,0,0,0,1
material_data/nr/images509.jpg,0,0,0,0,1
material_data/nr/images521.jpg,0,0,0,0,1
material_data/nr/images34.jpg,0,0,0,0,1
material_data/nr/images247.jpg,0,0,0,0,1
material_data/nr/images20.jpg,0,0,0,0,1
material_data/nr/images253.jpg,0,0,0,0,1
material_data/nr/images535.jpg,0,0,0,0,1
material_data/nr/images904.jpg,0,0,0,0,1
material_data/nr/images910.jpg,0,0,0,0,1
material_data/nr/images938.jpg,0,0,0,0,1
material_data/nr/images723.jpg,0,0,0,0,1
material_data/nr/images737.jpg,0,0,0,0,1
material_data/nr/images870.jpg,0,0,0,0,1
material_data/nr/images864.jpg,0,0,0,0,1
material_data/nr/images694.jpg,0,0,0,0,1
material_data/nr/images680.jpg,0,0,0,0,1
material_data/nr/images858.jpg,0,0,0,0,1
material_data/nr/images119.jpg,0,0,0,0,1
material_data/nr/images131.jpg,0,0,0,0,1
material_data/nr/images657.jpg,0,0,0,0,1
material_data/nr/images643.jpg,0,0,0,0,1
material_data/nr/images125.jpg,0,0,0,0,1
material_data/nr/images496.jpg,0,0,0,0,1
material_data/nr/images482.jpg,0,0,0,0,1
material_data/nr/images469.jpg,0,0,0,0,1
material_data/nr/images455.jpg,0,0,0,0,1
material_data/nr/images333.jpg,0,0,0,0,1
material_data/nr/images327.jpg,0,0,0,0,1
material_data/nr/images441.jpg,0,0,0,0,1
material_data/nr/images326.jpg,0,0,0,0,1
material_data/nr/images440.jpg,0,0,0,0,1
material_data/nr/images454.jpg,0,0,0,0,1
material_data/nr/images332.jpg,0,0,0,0,1
material_data/nr/images468.jpg,0,0,0,0,1
material_data/nr/images483.jpg,0,0,0,0,1
material_data/nr/images497.jpg,0,0,0,0,1
material_data/nr/images642.jpg,0,0,0,0,1
material_data/nr/images124.jpg,0,0,0,0,1
material_data/nr/images130.jpg,0,0,0,0,1
material_data/nr/images656.jpg,0,0,0,0,1
material_data/nr/images118.jpg,0,0,0,0,1
material_data/nr/images859.jpg,0,0,0,0,1
material_data/nr/images681.jpg,0,0,0,0,1
material_data/nr/image-1-mobile2x-0aa348.png,0,0,0,0,1
material_data/nr/CaliDreams.png,0,0,0,0,1
material_data/nr/images695.jpg,0,0,0,0,1
material_data/nr/images865.jpg,0,0,0,0,1
material_data/nr/images871.jpg,0,0,0,0,1
material_data/nr/images736.jpg,0,0,0,0,1
material_data/nr/images722.jpg,0,0,0,0,1
material_data/nr/images939.jpg,0,0,0,0,1
material_data/nr/images911.jpg,0,0,0,0,1
material_data/nr/images905.jpg,0,0,0,0,1
material_data/nr/Curves.png,0,0,0,0,1
material_data/nr/images252.jpg,0,0,0,0,1
material_data/nr/images21.jpg,0,0,0,0,1
material_data/nr/images534.jpg,0,0,0,0,1
material_data/nr/images520.jpg,0,0,0,0,1
material_data/nr/images246.jpg,0,0,0,0,1
material_data/nr/images35.jpg,0,0,0,0,1
material_data/nr/images508.jpg,0,0,0,0,1
material_data/nr/c_383_9ec19d18-107e-41f9-bddf-4fc03411b2b5.jpg,0,0,0,0,1
material_data/nr/images291.jpg,0,0,0,0,1
material_data/nr/1970s-interior-design.jpg,0,0,0,0,1
material_data/nr/images285.jpg,0,0,0,0,1
material_data/nr/Inside2BFootballer2BHouse252C2BBrazil2B2.png,0,0,0,0,1
material_data/nr/images293.jpg,0,0,0,0,1
material_data/nr/images287.jpg,0,0,0,0,1
material_data/nr/images278.jpg,0,0,0,0,1
material_data/nr/images536.jpg,0,0,0,0,1
material_data/nr/images250.jpg,0,0,0,0,1
material_data/nr/images23.jpg,0,0,0,0,1
material_data/nr/images244.jpg,0,0,0,0,1
material_data/nr/images37.jpg,0,0,0,0,1
material_data/nr/image19.jpeg,0,0,0,0,1
material_data/nr/images522.jpg,0,0,0,0,1
material_data/nr/20.013.001A-copy-2048x1364.jpg,0,0,0,0,1
material_data/nr/images913.jpg,0,0,0,0,1
material_data/nr/images907.jpg,0,0,0,0,1
material_data/nr/images708.jpg,0,0,0,0,1
material_data/nr/images734.jpg,0,0,0,0,1
material_data/nr/images720.jpg,0,0,0,0,1
material_data/nr/images867.jpg,0,0,0,0,1
material_data/nr/images873.jpg,0,0,0,0,1
material_data/nr/images683.jpg,0,0,0,0,1
material_data/nr/images697.jpg,0,0,0,0,1
material_data/nr/images668.jpg,0,0,0,0,1
material_data/nr/images126.jpg,0,0,0,0,1
material_data/nr/images898.jpg,0,0,0,0,1
material_data/nr/images640.jpg,0,0,0,0,1
material_data/nr/Photo-C2A9-Tony-Powell.-Inside-Homes-Samar-William-Langhorne.-January-23-2020-8-1024x683-1.jpg,0,0,0,0,1
material_data/nr/images654.jpg,0,0,0,0,1
material_data/nr/images132.jpg,0,0,0,0,1
material_data/nr/images481.jpg,0,0,0,0,1
material_data/nr/06_ORA_Dum_v_Ruine_BoysPlayNice-scaled.jpg,0,0,0,0,1
material_data/nr/images495.jpg,0,0,0,0,1
material_data/nr/images318.jpg,0,0,0,0,1
material_data/nr/images442.jpg,0,0,0,0,1
material_data/nr/images324.jpg,0,0,0,0,1
material_data/nr/images330.jpg,0,0,0,0,1
material_data/nr/images456.jpg,0,0,0,0,1
material_data/nr/images331.jpg,0,0,0,0,1
material_data/nr/images457.jpg,0,0,0,0,1
material_data/nr/images443.jpg,0,0,0,0,1
material_data/nr/images325.jpg,0,0,0,0,1
material_data/nr/images319.jpg,0,0,0,0,1
material_data/nr/images494.jpg,0,0,0,0,1
material_data/nr/images480.jpg,0,0,0,0,1
material_data/nr/massage.jpg,0,0,0,0,1
material_data/nr/images655.jpg,0,0,0,0,1
material_data/nr/images133.jpg,0,0,0,0,1
material_data/nr/images127.jpg,0,0,0,0,1
material_data/nr/images641.jpg,0,0,0,0,1
material_data/nr/Taylor-Swift-Bev-Hills-Home.jpg,0,0,0,0,1
material_data/nr/images899.jpg,0,0,0,0,1
material_data/nr/images669.jpg,0,0,0,0,1
material_data/nr/images696.jpg,0,0,0,0,1
material_data/nr/image23.jpeg,0,0,0,0,1
material_data/nr/images682.jpg,0,0,0,0,1
material_data/nr/images872.jpg,0,0,0,0,1
material_data/nr/images866.jpg,0,0,0,0,1
material_data/nr/images721.jpg,0,0,0,0,1
material_data/nr/images735.jpg,0,0,0,0,1
material_data/nr/images709.jpg,0,0,0,0,1
material_data/nr/images906.jpg,0,0,0,0,1
material_data/nr/images912.jpg,0,0,0,0,1
material_data/nr/images36.jpg,0,0,0,0,1
material_data/nr/images245.jpg,0,0,0,0,1
material_data/nr/images523.jpg,0,0,0,0,1
material_data/nr/images537.jpg,0,0,0,0,1
material_data/nr/images22.jpg,0,0,0,0,1
material_data/nr/images251.jpg,0,0,0,0,1
material_data/nr/images279.jpg,0,0,0,0,1
material_data/nr/images286.jpg,0,0,0,0,1
material_data/nr/images292.jpg,0,0,0,0,1
material_data/nr/images593.jpg,0,0,0,0,1
material_data/nr/images86.jpg,0,0,0,0,1
material_data/nr/images92.jpg,0,0,0,0,1
material_data/nr/images587.jpg,0,0,0,0,1
material_data/nr/181106154512-great-english-interiors-5.jpg,0,0,0,0,1
material_data/nr/images550.jpg,0,0,0,0,1
material_data/nr/images45.jpg,0,0,0,0,1
material_data/nr/images236.jpg,0,0,0,0,1
material_data/nr/images51.jpg,0,0,0,0,1
material_data/nr/images222.jpg,0,0,0,0,1
material_data/nr/images544.jpg,0,0,0,0,1
material_data/nr/images79.jpg,0,0,0,0,1
material_data/nr/images578.jpg,0,0,0,0,1
material_data/nr/images949.jpg,0,0,0,0,1
material_data/nr/images791.jpg,0,0,0,0,1
material_data/nr/images785.jpg,0,0,0,0,1
material_data/nr/images752.jpg,0,0,0,0,1
material_data/nr/images746.jpg,0,0,0,0,1
material_data/nr/images183.jpg,0,0,0,0,1
material_data/nr/images829.jpg,0,0,0,0,1
material_data/nr/images197.jpg,0,0,0,0,1
material_data/nr/images801.jpg,0,0,0,0,1
material_data/nr/images815.jpg,0,0,0,0,1
material_data/nr/images140.jpg,0,0,0,0,1
material_data/nr/images626.jpg,0,0,0,0,1
material_data/nr/image28.jpeg,0,0,0,0,1
material_data/nr/images632.jpg,0,0,0,0,1
material_data/nr/images154.jpg,0,0,0,0,1
material_data/nr/images6.jpg,0,0,0,0,1
material_data/nr/images168.jpg,0,0,0,0,1
material_data/nr/maxresdefault.jpg,0,0,0,0,1
material_data/nr/images381.jpg,0,0,0,0,1
material_data/nr/images395.jpg,0,0,0,0,1
material_data/nr/lake-cottage-uufie-pinterest-roundups-architecture-houses_dezeen_2364_ss_1.jpg,0,0,0,0,1
material_data/nr/images424.jpg,0,0,0,0,1
material_data/nr/images342.jpg,0,0,0,0,1
material_data/nr/images356.jpg,0,0,0,0,1
material_data/nr/images430.jpg,0,0,0,0,1
material_data/nr/images418.jpg,0,0,0,0,1
material_data/nr/images419.jpg,0,0,0,0,1
material_data/nr/images357.jpg,0,0,0,0,1
material_data/nr/images431.jpg,0,0,0,0,1
material_data/nr/images425.jpg,0,0,0,0,1
material_data/nr/images343.jpg,0,0,0,0,1
material_data/nr/images394.jpg,0,0,0,0,1
material_data/nr/images380.jpg,0,0,0,0,1
material_data/nr/images7.jpg,0,0,0,0,1
material_data/nr/images169.jpg,0,0,0,0,1
material_data/nr/images633.jpg,0,0,0,0,1
material_data/nr/images155.jpg,0,0,0,0,1
material_data/nr/images141.jpg,0,0,0,0,1
material_data/nr/images627.jpg,0,0,0,0,1
material_data/nr/images814.jpg,0,0,0,0,1
material_data/nr/images800.jpg,0,0,0,0,1
material_data/nr/images828.jpg,0,0,0,0,1
material_data/nr/images196.jpg,0,0,0,0,1
material_data/nr/images182.jpg,0,0,0,0,1
material_data/nr/images747.jpg,0,0,0,0,1
material_data/nr/images753.jpg,0,0,0,0,1
material_data/nr/images784.jpg,0,0,0,0,1
material_data/nr/images790.jpg,0,0,0,0,1
material_data/nr/images948.jpg,0,0,0,0,1
material_data/nr/images579.jpg,0,0,0,0,1
material_data/nr/images78.jpg,0,0,0,0,1
material_data/nr/images223.jpg,0,0,0,0,1
material_data/nr/images50.jpg,0,0,0,0,1
material_data/nr/images545.jpg,0,0,0,0,1
material_data/nr/images551.jpg,0,0,0,0,1
material_data/nr/images237.jpg,0,0,0,0,1
material_data/nr/images44.jpg,0,0,0,0,1
material_data/nr/images93.jpg,0,0,0,0,1
material_data/nr/images586.jpg,0,0,0,0,1
material_data/nr/image12.jpeg,0,0,0,0,1
material_data/nr/images592.jpg,0,0,0,0,1
material_data/nr/images87.jpg,0,0,0,0,1
material_data/nr/images584.jpg,0,0,0,0,1
material_data/nr/images91.jpg,0,0,0,0,1
material_data/nr/images85.jpg,0,0,0,0,1
material_data/nr/images590.jpg,0,0,0,0,1
material_data/nr/images547.jpg,0,0,0,0,1
material_data/nr/images221.jpg,0,0,0,0,1
material_data/nr/images52.jpg,0,0,0,0,1
material_data/nr/images235.jpg,0,0,0,0,1
material_data/nr/images46.jpg,0,0,0,0,1
material_data/nr/images553.jpg,0,0,0,0,1
material_data/nr/images209.jpg,0,0,0,0,1
material_data/nr/images786.jpg,0,0,0,0,1
material_data/nr/image32.jpeg,0,0,0,0,1
material_data/nr/images792.jpg,0,0,0,0,1
material_data/nr/images745.jpg,0,0,0,0,1
material_data/nr/images751.jpg,0,0,0,0,1
material_data/nr/images779.jpg,0,0,0,0,1
material_data/nr/images194.jpg,0,0,0,0,1
material_data/nr/image24.jpeg,0,0,0,0,1
material_data/nr/images180.jpg,0,0,0,0,1
material_data/nr/images816.jpg,0,0,0,0,1
material_data/nr/images802.jpg,0,0,0,0,1
material_data/nr/images157.jpg,0,0,0,0,1
material_data/nr/images631.jpg,0,0,0,0,1
material_data/nr/images625.jpg,0,0,0,0,1
material_data/nr/images143.jpg,0,0,0,0,1
material_data/nr/images5.jpg,0,0,0,0,1
material_data/nr/images619.jpg,0,0,0,0,1
material_data/nr/images396.jpg,0,0,0,0,1
material_data/nr/images382.jpg,0,0,0,0,1
material_data/nr/herlands-mamm-design-pinterest-roundups-architecture-houses_dezeen_2364_ss_2.jpg,0,0,0,0,1
material_data/nr/images433.jpg,0,0,0,0,1
material_data/nr/images355.jpg,0,0,0,0,1
material_data/nr/images341.jpg,0,0,0,0,1
material_data/nr/images427.jpg,0,0,0,0,1
material_data/nr/images369.jpg,0,0,0,0,1
material_data/nr/dreamhousesmain2.jpg,0,0,0,0,1
material_data/nr/images368.jpg,0,0,0,0,1
material_data/nr/images340.jpg,0,0,0,0,1
material_data/nr/images426.jpg,0,0,0,0,1
material_data/nr/images432.jpg,0,0,0,0,1
material_data/nr/images354.jpg,0,0,0,0,1
material_data/nr/images383.jpg,0,0,0,0,1
material_data/nr/118204408-modern-living-room-with-designer-sofa-and-coffee-table-window-with-view-nobody-inside.jpg,0,0,0,0,1
material_data/nr/images397.jpg,0,0,0,0,1
material_data/nr/images618.jpg,0,0,0,0,1
material_data/nr/images4.jpg,0,0,0,0,1
material_data/nr/images624.jpg,0,0,0,0,1
material_data/nr/images142.jpg,0,0,0,0,1
material_data/nr/1400973924564.jpeg,0,0,0,0,1
material_data/nr/images156.jpg,0,0,0,0,1
material_data/nr/images630.jpg,0,0,0,0,1
material_data/nr/images803.jpg,0,0,0,0,1
material_data/nr/images817.jpg,0,0,0,0,1
material_data/nr/image6.jpeg,0,0,0,0,1
material_data/nr/images181.jpg,0,0,0,0,1
material_data/nr/images195.jpg,0,0,0,0,1
material_data/nr/images778.jpg,0,0,0,0,1
material_data/nr/images750.jpg,0,0,0,0,1
material_data/nr/images744.jpg,0,0,0,0,1
material_data/nr/images793.jpg,0,0,0,0,1
material_data/nr/Modern-House-That-Is-Beautiful-2.jpg,0,0,0,0,1
material_data/nr/images787.jpg,0,0,0,0,1
material_data/nr/images208.jpg,0,0,0,0,1
material_data/nr/images47.jpg,0,0,0,0,1
material_data/nr/images234.jpg,0,0,0,0,1
material_data/nr/images552.jpg,0,0,0,0,1
material_data/nr/images546.jpg,0,0,0,0,1
material_data/nr/images53.jpg,0,0,0,0,1
material_data/nr/images220.jpg,0,0,0,0,1
material_data/nr/561d09de98e5299260f435b3e913da9b.jpg,0,0,0,0,1
material_data/nr/hazukashi-house-alts-design-office-pinterest-roundups-architecture-houses_dezeen_2364_ss_0.jpg,0,0,0,0,1
material_data/nr/images84.jpg,0,0,0,0,1
material_data/nr/images591.jpg,0,0,0,0,1
material_data/nr/images585.jpg,0,0,0,0,1
material_data/nr/images90.jpg,0,0,0,0,1
material_data/nr/depositphotos_11497565-stock-photo-house-interior.jpg,0,0,0,0,1
material_data/nr/images94.jpg,0,0,0,0,1
material_data/nr/images581.jpg,0,0,0,0,1
material_data/nr/images595.jpg,0,0,0,0,1
material_data/nr/images80.jpg,0,0,0,0,1
material_data/nr/images218.jpg,0,0,0,0,1
material_data/nr/images224.jpg,0,0,0,0,1
material_data/nr/images57.jpg,0,0,0,0,1
material_data/nr/images542.jpg,0,0,0,0,1
material_data/nr/images556.jpg,0,0,0,0,1
material_data/nr/images230.jpg,0,0,0,0,1
material_data/nr/images43.jpg,0,0,0,0,1
material_data/nr/images783.jpg,0,0,0,0,1
material_data/nr/images797.jpg,0,0,0,0,1
material_data/nr/images768.jpg,0,0,0,0,1
material_data/nr/images740.jpg,0,0,0,0,1
material_data/nr/images754.jpg,0,0,0,0,1
material_data/nr/images813.jpg,0,0,0,0,1
material_data/nr/images807.jpg,0,0,0,0,1
material_data/nr/image7.jpeg,0,0,0,0,1
material_data/nr/images191.jpg,0,0,0,0,1
material_data/nr/images185.jpg,0,0,0,0,1
material_data/nr/images608.jpg,0,0,0,0,1
material_data/nr/shutterstock_15607171.jpg,0,0,0,0,1
material_data/nr/images634.jpg,0,0,0,0,1
material_data/nr/images152.jpg,0,0,0,0,1
material_data/nr/images146.jpg,0,0,0,0,1
material_data/nr/images620.jpg,0,0,0,0,1
material_data/nr/Cat-Mountain-Residence-by-Cornerstone-Architects.jpg,0,0,0,0,1
material_data/nr/images393.jpg,0,0,0,0,1
material_data/nr/images387.jpg,0,0,0,0,1
material_data/nr/images378.jpg,0,0,0,0,1
material_data/nr/images350.jpg,0,0,0,0,1
material_data/nr/220Casa20San20Francisco.jpg,0,0,0,0,1
material_data/nr/images436.jpg,0,0,0,0,1
material_data/nr/images422.jpg,0,0,0,0,1
material_data/nr/images344.jpg,0,0,0,0,1
material_data/nr/images423.jpg,0,0,0,0,1
material_data/nr/images345.jpg,0,0,0,0,1
material_data/nr/images351.jpg,0,0,0,0,1
material_data/nr/images437.jpg,0,0,0,0,1
material_data/nr/images379.jpg,0,0,0,0,1
material_data/nr/Dezeen-archive-houses-in-houses-2.jpg,0,0,0,0,1
material_data/nr/images386.jpg,0,0,0,0,1
material_data/nr/images392.jpg,0,0,0,0,1
material_data/nr/57d7daff-e586-4a1b-83b3-8d5bf0f8e070.jpg,0,0,0,0,1
material_data/nr/images147.jpg,0,0,0,0,1
material_data/nr/images621.jpg,0,0,0,0,1
material_data/nr/c76901fa-4ab2-4457-a92d-0703d77903a7-7-Forest-Homes-Saint-Faustin-du-Lac-CarrC3A9-4.jpg,0,0,0,0,1
material_data/nr/images635.jpg,0,0,0,0,1
material_data/nr/images153.jpg,0,0,0,0,1
material_data/nr/Inside-A-6490000-Luxurious-Contemporary-House-in-Prestigious-Bel-Air-17.jpg,0,0,0,0,1
material_data/nr/images609.jpg,0,0,0,0,1
material_data/nr/images184.jpg,0,0,0,0,1
material_data/nr/image25.jpeg,0,0,0,0,1
material_data/nr/images190.jpg,0,0,0,0,1
material_data/nr/images806.jpg,0,0,0,0,1
material_data/nr/images812.jpg,0,0,0,0,1
material_data/nr/images755.jpg,0,0,0,0,1
material_data/nr/images741.jpg,0,0,0,0,1
material_data/nr/images769.jpg,0,0,0,0,1
material_data/nr/images796.jpg,0,0,0,0,1
material_data/nr/images782.jpg,0,0,0,0,1
material_data/nr/images557.jpg,0,0,0,0,1
material_data/nr/images42.jpg,0,0,0,0,1
material_data/nr/images231.jpg,0,0,0,0,1
material_data/nr/images56.jpg,0,0,0,0,1
material_data/nr/images225.jpg,0,0,0,0,1
material_data/nr/images543.jpg,0,0,0,0,1
material_data/nr/images219.jpg,0,0,0,0,1
material_data/nr/images594.jpg,0,0,0,0,1
material_data/nr/images81.jpg,0,0,0,0,1
material_data/nr/images95.jpg,0,0,0,0,1
material_data/nr/images580.jpg,0,0,0,0,1
material_data/nr/images83.jpg,0,0,0,0,1
material_data/nr/images596.jpg,0,0,0,0,1
material_data/nr/images582.jpg,0,0,0,0,1
material_data/nr/image13.jpeg,0,0,0,0,1
material_data/nr/64b56a3c-7d4f-48e9-b581-ee6e2ccfd2e0-billionaire-bling-pool.jpg,0,0,0,0,1
material_data/nr/images97.jpg,0,0,0,0,1
material_data/nr/images569.jpg,0,0,0,0,1
material_data/nr/images68.jpg,0,0,0,0,1
material_data/nr/images40.jpg,0,0,0,0,1
material_data/nr/images233.jpg,0,0,0,0,1
material_data/nr/Check-out-these-duplex-interior-design-ideas-FB-1200x700-compressed.jpg,0,0,0,0,1
material_data/nr/images555.jpg,0,0,0,0,1
material_data/nr/images541.jpg,0,0,0,0,1
material_data/nr/images54.jpg,0,0,0,0,1
material_data/nr/images227.jpg,0,0,0,0,1
material_data/nr/images794.jpg,0,0,0,0,1
material_data/nr/images780.jpg,0,0,0,0,1
material_data/nr/images757.jpg,0,0,0,0,1
material_data/nr/vxBXQa3JmBoX8TpPDJJ74K-768-80.jpg,0,0,0,0,1
material_data/nr/images743.jpg,0,0,0,0,1
material_data/nr/images804.jpg,0,0,0,0,1
material_data/nr/images810.jpg,0,0,0,0,1
material_data/nr/images838.jpg,0,0,0,0,1
material_data/nr/images186.jpg,0,0,0,0,1
material_data/nr/images192.jpg,0,0,0,0,1
material_data/nr/images179.jpg,0,0,0,0,1
material_data/nr/images3.jpg,0,0,0,0,1
material_data/nr/images623.jpg,0,0,0,0,1
material_data/nr/images145.jpg,0,0,0,0,1
material_data/nr/images151.jpg,0,0,0,0,1
material_data/nr/images637.jpg,0,0,0,0,1
material_data/nr/images384.jpg,0,0,0,0,1
material_data/nr/images390.jpg,0,0,0,0,1
material_data/nr/images409.jpg,0,0,0,0,1
material_data/nr/images347.jpg,0,0,0,0,1
material_data/nr/images421.jpg,0,0,0,0,1
material_data/nr/images435.jpg,0,0,0,0,1
material_data/nr/images353.jpg,0,0,0,0,1
material_data/nr/images434.jpg,0,0,0,0,1
material_data/nr/images352.jpg,0,0,0,0,1
material_data/nr/images346.jpg,0,0,0,0,1
material_data/nr/images420.jpg,0,0,0,0,1
material_data/nr/images408.jpg,0,0,0,0,1
material_data/nr/images391.jpg,0,0,0,0,1
material_data/nr/images385.jpg,0,0,0,0,1
material_data/nr/images150.jpg,0,0,0,0,1
material_data/nr/images636.jpg,0,0,0,0,1
material_data/nr/images622.jpg,0,0,0,0,1
material_data/nr/image29.jpeg,0,0,0,0,1
material_data/nr/images144.jpg,0,0,0,0,1
material_data/nr/15IHH-HAIFA-slide-VAUW-mobileMasterAt3x.jpg,0,0,0,0,1
material_data/nr/images2.jpg,0,0,0,0,1
material_data/nr/images178.jpg,0,0,0,0,1
material_data/nr/images193.jpg,0,0,0,0,1
material_data/nr/images839.jpg,0,0,0,0,1
material_data/nr/images187.jpg,0,0,0,0,1
material_data/nr/images811.jpg,0,0,0,0,1
material_data/nr/images805.jpg,0,0,0,0,1
material_data/nr/images742.jpg,0,0,0,0,1
material_data/nr/images756.jpg,0,0,0,0,1
material_data/nr/images781.jpg,0,0,0,0,1
material_data/nr/images795.jpg,0,0,0,0,1
material_data/nr/images540.jpg,0,0,0,0,1
material_data/nr/images226.jpg,0,0,0,0,1
material_data/nr/images55.jpg,0,0,0,0,1
material_data/nr/images232.jpg,0,0,0,0,1
material_data/nr/images41.jpg,0,0,0,0,1
material_data/nr/images554.jpg,0,0,0,0,1
material_data/nr/images69.jpg,0,0,0,0,1
material_data/nr/images568.jpg,0,0,0,0,1
material_data/nr/images583.jpg,0,0,0,0,1
material_data/nr/images96.jpg,0,0,0,0,1
material_data/nr/images82.jpg,0,0,0,0,1
material_data/nr/images597.jpg,0,0,0,0,1
material_data/nr/image10.jpeg,0,0,0,0,1
material_data/nr/images571.jpg,0,0,0,0,1
material_data/nr/images64.jpg,0,0,0,0,1
material_data/nr/images217.jpg,0,0,0,0,1
material_data/nr/images70.jpg,0,0,0,0,1
material_data/nr/images203.jpg,0,0,0,0,1
material_data/nr/images565.jpg,0,0,0,0,1
material_data/nr/images58.jpg,0,0,0,0,1
material_data/nr/images559.jpg,0,0,0,0,1
material_data/nr/images940.jpg,0,0,0,0,1
material_data/nr/images798.jpg,0,0,0,0,1
material_data/nr/images773.jpg,0,0,0,0,1
material_data/nr/images767.jpg,0,0,0,0,1
material_data/nr/images808.jpg,0,0,0,0,1
material_data/nr/images820.jpg,0,0,0,0,1
material_data/nr/images834.jpg,0,0,0,0,1
material_data/nr/images161.jpg,0,0,0,0,1
material_data/nr/images607.jpg,0,0,0,0,1
material_data/nr/images613.jpg,0,0,0,0,1
material_data/nr/images175.jpg,0,0,0,0,1
material_data/nr/image8.jpeg,0,0,0,0,1
material_data/nr/images149.jpg,0,0,0,0,1
material_data/nr/images388.jpg,0,0,0,0,1
material_data/nr/images405.jpg,0,0,0,0,1
material_data/nr/images363.jpg,0,0,0,0,1
material_data/nr/images377.jpg,0,0,0,0,1
material_data/nr/images411.jpg,0,0,0,0,1
material_data/nr/images439.jpg,0,0,0,0,1
material_data/nr/modern-interior-design-living-area-260nw-1129851494.jpg,0,0,0,0,1
material_data/nr/images438.jpg,0,0,0,0,1
material_data/nr/images376.jpg,0,0,0,0,1
material_data/nr/images410.jpg,0,0,0,0,1
material_data/nr/images404.jpg,0,0,0,0,1
material_data/nr/images362.jpg,0,0,0,0,1
material_data/nr/images389.jpg,0,0,0,0,1
material_data/nr/images148.jpg,0,0,0,0,1
material_data/nr/images612.jpg,0,0,0,0,1
material_data/nr/images174.jpg,0,0,0,0,1
material_data/nr/400_interior_design_concept_modern_luxury_home_1.jpg,0,0,0,0,1
material_data/nr/images160.jpg,0,0,0,0,1
material_data/nr/images606.jpg,0,0,0,0,1
material_data/nr/images835.jpg,0,0,0,0,1
material_data/nr/images821.jpg,0,0,0,0,1
material_data/nr/images809.jpg,0,0,0,0,1
material_data/nr/images766.jpg,0,0,0,0,1
material_data/nr/images772.jpg,0,0,0,0,1
material_data/nr/images799.jpg,0,0,0,0,1
material_data/nr/images941.jpg,0,0,0,0,1
material_data/nr/231_57.jpg,0,0,0,0,1
material_data/nr/images558.jpg,0,0,0,0,1
material_data/nr/images59.jpg,0,0,0,0,1
material_data/nr/images202.jpg,0,0,0,0,1
material_data/nr/images71.jpg,0,0,0,0,1
material_data/nr/images564.jpg,0,0,0,0,1
material_data/nr/images570.jpg,0,0,0,0,1
material_data/nr/images216.jpg,0,0,0,0,1
material_data/nr/images65.jpg,0,0,0,0,1
material_data/nr/images599.jpg,0,0,0,0,1
material_data/nr/images98.jpg,0,0,0,0,1
material_data/nr/images566.jpg,0,0,0,0,1
material_data/nr/images200.jpg,0,0,0,0,1
material_data/nr/images73.jpg,0,0,0,0,1
material_data/nr/images214.jpg,0,0,0,0,1
material_data/nr/images67.jpg,0,0,0,0,1
material_data/nr/images572.jpg,0,0,0,0,1
material_data/nr/images228.jpg,0,0,0,0,1
material_data/nr/images943.jpg,0,0,0,0,1
material_data/nr/images764.jpg,0,0,0,0,1
material_data/nr/4e143937dbc406cd25271ab7095e5245.jpg,0,0,0,0,1
material_data/nr/images770.jpg,0,0,0,0,1
material_data/nr/PZ325BUIKII6TJEREXPWDR4NYQ.jpg,0,0,0,0,1
material_data/nr/images758.jpg,0,0,0,0,1
material_data/nr/images189.jpg,0,0,0,0,1
material_data/nr/image4.jpeg,0,0,0,0,1
material_data/nr/images837.jpg,0,0,0,0,1
material_data/nr/All-about-duplex-house-FB-1200x700-compressed.jpg,0,0,0,0,1
material_data/nr/images823.jpg,0,0,0,0,1
material_data/nr/images176.jpg,0,0,0,0,1
material_data/nr/images610.jpg,0,0,0,0,1
material_data/nr/images604.jpg,0,0,0,0,1
material_data/nr/tiny-house-christina-salway-1546896925.jpg,0,0,0,0,1
material_data/nr/images162.jpg,0,0,0,0,1
material_data/nr/images638.jpg,0,0,0,0,1
material_data/nr/images412.jpg,0,0,0,0,1
material_data/nr/images374.jpg,0,0,0,0,1
material_data/nr/images360.jpg,0,0,0,0,1
material_data/nr/images406.jpg,0,0,0,0,1
material_data/nr/images348.jpg,0,0,0,0,1
material_data/nr/house-k-japan-yoshichika-takagi-pinterest-roundups-architecture-houses_dezeen_2364_ss_1.jpg,0,0,0,0,1
material_data/nr/Luxurious-interior-design-living-room-and-fireplace-in-a-beautiful-house-2500x1412.jpeg,0,0,0,0,1
material_data/nr/images349.jpg,0,0,0,0,1
material_data/nr/images361.jpg,0,0,0,0,1
material_data/nr/images407.jpg,0,0,0,0,1
material_data/nr/images413.jpg,0,0,0,0,1
material_data/nr/images375.jpg,0,0,0,0,1
material_data/nr/erlands-mamm-design-pinterest-roundups-architecture-houses_dezeen_sq-852x852.jpg,0,0,0,0,1
material_data/nr/images639.jpg,0,0,0,0,1
material_data/nr/images605.jpg,0,0,0,0,1
material_data/nr/images163.jpg,0,0,0,0,1
material_data/nr/images177.jpg,0,0,0,0,1
material_data/nr/images611.jpg,0,0,0,0,1
material_data/nr/images822.jpg,0,0,0,0,1
material_data/nr/images188.jpg,0,0,0,0,1
material_data/nr/images836.jpg,0,0,0,0,1
material_data/nr/image26.jpeg,0,0,0,0,1
material_data/nr/images759.jpg,0,0,0,0,1
material_data/nr/images771.jpg,0,0,0,0,1
material_data/nr/images765.jpg,0,0,0,0,1
material_data/nr/images942.jpg,0,0,0,0,1
material_data/nr/image30.jpeg,0,0,0,0,1
material_data/nr/images229.jpg,0,0,0,0,1
material_data/nr/images66.jpg,0,0,0,0,1
material_data/nr/images215.jpg,0,0,0,0,1
material_data/nr/images573.jpg,0,0,0,0,1
material_data/nr/images567.jpg,0,0,0,0,1
material_data/nr/images72.jpg,0,0,0,0,1
material_data/nr/images201.jpg,0,0,0,0,1
material_data/nr/images99.jpg,0,0,0,0,1
material_data/nr/images598.jpg,0,0,0,0,1
material_data/nr/images89.jpg,0,0,0,0,1
material_data/nr/images588.jpg,0,0,0,0,1
material_data/nr/image.jpeg,0,0,0,0,1
material_data/nr/images239.jpg,0,0,0,0,1
material_data/nr/images205.jpg,0,0,0,0,1
material_data/nr/images76.jpg,0,0,0,0,1
material_data/nr/images563.jpg,0,0,0,0,1
material_data/nr/images577.jpg,0,0,0,0,1
material_data/nr/images211.jpg,0,0,0,0,1
material_data/nr/images62.jpg,0,0,0,0,1
material_data/nr/images946.jpg,0,0,0,0,1
material_data/nr/images952.jpg,0,0,0,0,1
material_data/nr/image31.jpeg,0,0,0,0,1
material_data/nr/5.tobiarchitects.1526566679.9256.jpg,0,0,0,0,1
material_data/nr/images749.jpg,0,0,0,0,1
material_data/nr/images761.jpg,0,0,0,0,1
material_data/nr/images775.jpg,0,0,0,0,1
material_data/nr/images832.jpg,0,0,0,0,1
material_data/nr/images198.jpg,0,0,0,0,1
material_data/nr/images826.jpg,0,0,0,0,1
material_data/nr/image27.jpeg,0,0,0,0,1
material_data/nr/images629.jpg,0,0,0,0,1
material_data/nr/inside-outside-house-03.jpg,0,0,0,0,1
material_data/nr/images615.jpg,0,0,0,0,1
material_data/nr/images173.jpg,0,0,0,0,1
material_data/nr/images167.jpg,0,0,0,0,1
material_data/nr/images601.jpg,0,0,0,0,1
material_data/nr/images9.jpg,0,0,0,0,1
material_data/nr/image33.jpg,0,0,0,0,1
material_data/nr/images359.jpg,0,0,0,0,1
material_data/nr/images371.jpg,0,0,0,0,1
material_data/nr/images417.jpg,0,0,0,0,1
material_data/nr/images403.jpg,0,0,0,0,1
material_data/nr/images365.jpg,0,0,0,0,1
material_data/nr/AD0520_DRAKE_10.jpg,0,0,0,0,1
material_data/nr/images402.jpg,0,0,0,0,1
material_data/nr/images364.jpg,0,0,0,0,1
material_data/nr/images370.jpg,0,0,0,0,1
material_data/nr/images416.jpg,0,0,0,0,1
material_data/nr/images358.jpg,0,0,0,0,1
material_data/nr/images166.jpg,0,0,0,0,1
material_data/nr/images8.jpg,0,0,0,0,1
material_data/nr/images600.jpg,0,0,0,0,1
material_data/nr/images614.jpg,0,0,0,0,1
material_data/nr/images172.jpg,0,0,0,0,1
material_data/nr/images628.jpg,0,0,0,0,1
material_data/nr/images199.jpg,0,0,0,0,1
material_data/nr/image5.jpeg,0,0,0,0,1
material_data/nr/images827.jpg,0,0,0,0,1
material_data/nr/images833.jpg,0,0,0,0,1
material_data/nr/images774.jpg,0,0,0,0,1
material_data/nr/images760.jpg,0,0,0,0,1
material_data/nr/images748.jpg,0,0,0,0,1
material_data/nr/images953.jpg,0,0,0,0,1
material_data/nr/images947.jpg,0,0,0,0,1
material_data/nr/images576.jpg,0,0,0,0,1
material_data/nr/images63.jpg,0,0,0,0,1
material_data/nr/images210.jpg,0,0,0,0,1
material_data/nr/images77.jpg,0,0,0,0,1
material_data/nr/images204.jpg,0,0,0,0,1
material_data/nr/images562.jpg,0,0,0,0,1
material_data/nr/images238.jpg,0,0,0,0,1
material_data/nr/images589.jpg,0,0,0,0,1
material_data/nr/images88.jpg,0,0,0,0,1
material_data/nr/Interior-And-Exterior-Country-House-Pictures-13.jpg,0,0,0,0,1
material_data/nr/images548.jpg,0,0,0,0,1
material_data/nr/images49.jpg,0,0,0,0,1
material_data/nr/images61.jpg,0,0,0,0,1
material_data/nr/images212.jpg,0,0,0,0,1
material_data/nr/images574.jpg,0,0,0,0,1
material_data/nr/images560.jpg,0,0,0,0,1
material_data/nr/images75.jpg,0,0,0,0,1
material_data/nr/images206.jpg,0,0,0,0,1
material_data/nr/images951.jpg,0,0,0,0,1
material_data/nr/images789.jpg,0,0,0,0,1
material_data/nr/images945.jpg,0,0,0,0,1
material_data/nr/images776.jpg,0,0,0,0,1
material_data/nr/images762.jpg,0,0,0,0,1
material_data/nr/images825.jpg,0,0,0,0,1
material_data/nr/images831.jpg,0,0,0,0,1
material_data/nr/images819.jpg,0,0,0,0,1
material_data/nr/images158.jpg,0,0,0,0,1
material_data/nr/images602.jpg,0,0,0,0,1
material_data/nr/images164.jpg,0,0,0,0,1
material_data/nr/images170.jpg,0,0,0,0,1
material_data/nr/images616.jpg,0,0,0,0,1
material_data/nr/images399.jpg,0,0,0,0,1
material_data/nr/images428.jpg,0,0,0,0,1
material_data/nr/images366.jpg,0,0,0,0,1
material_data/nr/images400.jpg,0,0,0,0,1
material_data/nr/images414.jpg,0,0,0,0,1
material_data/nr/images372.jpg,0,0,0,0,1
material_data/nr/images415.jpg,0,0,0,0,1
material_data/nr/images373.jpg,0,0,0,0,1
material_data/nr/images367.jpg,0,0,0,0,1
material_data/nr/images401.jpg,0,0,0,0,1
material_data/nr/Greg_Natale_Alfords_Point_House_03.jpg,0,0,0,0,1
material_data/nr/images429.jpg,0,0,0,0,1
material_data/nr/images398.jpg,0,0,0,0,1
material_data/nr/images171.jpg,0,0,0,0,1
material_data/nr/images617.jpg,0,0,0,0,1
material_data/nr/images603.jpg,0,0,0,0,1
material_data/nr/images165.jpg,0,0,0,0,1
material_data/nr/image9.jpeg,0,0,0,0,1
material_data/nr/images159.jpg,0,0,0,0,1
material_data/nr/images818.jpg,0,0,0,0,1
material_data/nr/images830.jpg,0,0,0,0,1
material_data/nr/images824.jpg,0,0,0,0,1
material_data/nr/Duplex-House-Design-Living-Room-1024x683.jpg,0,0,0,0,1
material_data/nr/images763.jpg,0,0,0,0,1
material_data/nr/images777.jpg,0,0,0,0,1
material_data/nr/images944.jpg,0,0,0,0,1
material_data/nr/images788.jpg,0,0,0,0,1
material_data/nr/images950.jpg,0,0,0,0,1
material_data/nr/images561.jpg,0,0,0,0,1
material_data/nr/images207.jpg,0,0,0,0,1
material_data/nr/images74.jpg,0,0,0,0,1
material_data/nr/images213.jpg,0,0,0,0,1
material_data/nr/images60.jpg,0,0,0,0,1
material_data/nr/images575.jpg,0,0,0,0,1
material_data/nr/images48.jpg,0,0,0,0,1
material_data/nr/images549.jpg,0,0,0,0,1
material_data/nr/image11.jpeg,0,0,0,0,1
material_data/nr/f325989bf-27562585-f581-41dc-87b1-a6f5e08793e4-shaquille-oneal-house-hallway.jpg,0,0,0,0,1
material_data/nr/images274.jpg,0,0,0,0,1
material_data/nr/images512.jpg,0,0,0,0,1
material_data/nr/interior-glass-house.jpg,0,0,0,0,1
material_data/nr/images506.jpg,0,0,0,0,1
material_data/nr/images260.jpg,0,0,0,0,1
material_data/nr/images13.jpg,0,0,0,0,1
material_data/nr/images248.jpg,0,0,0,0,1
material_data/nr/images937.jpg,0,0,0,0,1
material_data/nr/images923.jpg,0,0,0,0,1
material_data/nr/images710.jpg,0,0,0,0,1
material_data/nr/images704.jpg,0,0,0,0,1
material_data/nr/mtmt_tei_051.jpg,0,0,0,0,1
material_data/nr/images738.jpg,0,0,0,0,1
material_data/nr/images843.jpg,0,0,0,0,1
material_data/nr/image2.jpeg,0,0,0,0,1
material_data/nr/images857.jpg,0,0,0,0,1
material_data/nr/images664.jpg,0,0,0,0,1
material_data/nr/images102.jpg,0,0,0,0,1
material_data/nr/images116.jpg,0,0,0,0,1
material_data/nr/images670.jpg,0,0,0,0,1
material_data/nr/images880.jpg,0,0,0,0,1
material_data/nr/images658.jpg,0,0,0,0,1
material_data/nr/images894.jpg,0,0,0,0,1
material_data/nr/images499.jpg,0,0,0,0,1
material_data/nr/images300.jpg,0,0,0,0,1
material_data/nr/images466.jpg,0,0,0,0,1
material_data/nr/images472.jpg,0,0,0,0,1
material_data/nr/new-house-acworth044.jpg,0,0,0,0,1
material_data/nr/images314.jpg,0,0,0,0,1
material_data/nr/david-coleman-architecture-inside-outside-house-private-houses-archello.1597234569.811.jpg,0,0,0,0,1
material_data/nr/images328.jpg,0,0,0,0,1
material_data/nr/images329.jpg,0,0,0,0,1
material_data/nr/images473.jpg,0,0,0,0,1
material_data/nr/images315.jpg,0,0,0,0,1
material_data/nr/images301.jpg,0,0,0,0,1
material_data/nr/images467.jpg,0,0,0,0,1
material_data/nr/images498.jpg,0,0,0,0,1
material_data/nr/images895.jpg,0,0,0,0,1
material_data/nr/images659.jpg,0,0,0,0,1
material_data/nr/images881.jpg,0,0,0,0,1
material_data/nr/images117.jpg,0,0,0,0,1
material_data/nr/images671.jpg,0,0,0,0,1
material_data/nr/images665.jpg,0,0,0,0,1
material_data/nr/multi-family-house-inside-pictures.jpg,0,0,0,0,1
material_data/nr/images103.jpg,0,0,0,0,1
material_data/nr/images856.jpg,0,0,0,0,1
material_data/nr/images842.jpg,0,0,0,0,1
material_data/nr/image20.jpeg,0,0,0,0,1
material_data/nr/images739.jpg,0,0,0,0,1
material_data/nr/images705.jpg,0,0,0,0,1
material_data/nr/images711.jpg,0,0,0,0,1
material_data/nr/images922.jpg,0,0,0,0,1
material_data/nr/images936.jpg,0,0,0,0,1
material_data/nr/images249.jpg,0,0,0,0,1
material_data/nr/images507.jpg,0,0,0,0,1
material_data/nr/images12.jpg,0,0,0,0,1
material_data/nr/images261.jpg,0,0,0,0,1
material_data/nr/images275.jpg,0,0,0,0,1
material_data/nr/images513.jpg,0,0,0,0,1
material_data/nr/image16.jpeg,0,0,0,0,1
material_data/nr/images288.jpg,0,0,0,0,1
material_data/nr/images10.jpg,0,0,0,0,1
material_data/nr/images263.jpg,0,0,0,0,1
material_data/nr/images505.jpg,0,0,0,0,1
material_data/nr/images511.jpg,0,0,0,0,1
material_data/nr/images277.jpg,0,0,0,0,1
material_data/nr/images539.jpg,0,0,0,0,1
material_data/nr/images38.jpg,0,0,0,0,1
material_data/nr/images908.jpg,0,0,0,0,1
material_data/nr/images920.jpg,0,0,0,0,1
material_data/nr/images934.jpg,0,0,0,0,1
material_data/nr/images707.jpg,0,0,0,0,1
material_data/nr/images713.jpg,0,0,0,0,1
material_data/nr/images868.jpg,0,0,0,0,1
material_data/nr/images854.jpg,0,0,0,0,1
material_data/nr/Villa-in-Alpine-hills.jpg,0,0,0,0,1
material_data/nr/images698.jpg,0,0,0,0,1
material_data/nr/images840.jpg,0,0,0,0,1
material_data/nr/images673.jpg,0,0,0,0,1
material_data/nr/house-with-tree-inside.jpg,0,0,0,0,1
material_data/nr/multi-family-meta-homes-inside.jpg,0,0,0,0,1
material_data/nr/images115.jpg,0,0,0,0,1
material_data/nr/images101.jpg,0,0,0,0,1
material_data/nr/images667.jpg,0,0,0,0,1
material_data/nr/images897.jpg,0,0,0,0,1
material_data/nr/images129.jpg,0,0,0,0,1
material_data/nr/images883.jpg,0,0,0,0,1
material_data/nr/images317.jpg,0,0,0,0,1
material_data/nr/images471.jpg,0,0,0,0,1
material_data/nr/images465.jpg,0,0,0,0,1
material_data/nr/images303.jpg,0,0,0,0,1
material_data/nr/images459.jpg,0,0,0,0,1
material_data/nr/images458.jpg,0,0,0,0,1
material_data/nr/images464.jpg,0,0,0,0,1
material_data/nr/images302.jpg,0,0,0,0,1
material_data/nr/images316.jpg,0,0,0,0,1
material_data/nr/images470.jpg,0,0,0,0,1
material_data/nr/images882.jpg,0,0,0,0,1
material_data/nr/images896.jpg,0,0,0,0,1
material_data/nr/46dcb03db15bae39bb51483597f3f14d--interior-courtyards-interior-courtyard-garden.jpg,0,0,0,0,1
material_data/nr/images128.jpg,0,0,0,0,1
material_data/nr/images100.jpg,0,0,0,0,1
material_data/nr/images666.jpg,0,0,0,0,1
material_data/nr/images672.jpg,0,0,0,0,1
material_data/nr/images114.jpg,0,0,0,0,1
material_data/nr/images841.jpg,0,0,0,0,1
material_data/nr/images699.jpg,0,0,0,0,1
material_data/nr/images855.jpg,0,0,0,0,1
material_data/nr/images869.jpg,0,0,0,0,1
material_data/nr/8ff7aa135210b48853b421df2eb35d31.jpg,0,0,0,0,1
material_data/nr/images712.jpg,0,0,0,0,1
material_data/nr/images706.jpg,0,0,0,0,1
material_data/nr/modernist-decor-inspiration-01.jpg,0,0,0,0,1
material_data/nr/images935.jpg,0,0,0,0,1
material_data/nr/images921.jpg,0,0,0,0,1
material_data/nr/Tea-Room.jpg,0,0,0,0,1
material_data/nr/images909.jpg,0,0,0,0,1
material_data/nr/images39.jpg,0,0,0,0,1
material_data/nr/images538.jpg,0,0,0,0,1
material_data/nr/images510.jpg,0,0,0,0,1
material_data/nr/images276.jpg,0,0,0,0,1
material_data/nr/images262.jpg,0,0,0,0,1
material_data/nr/images11.jpg,0,0,0,0,1
material_data/nr/images504.jpg,0,0,0,0,1
material_data/nr/images289.jpg,0,0,0,0,1
material_data/nr/images299.jpg,0,0,0,0,1
material_data/nr/images29.jpg,0,0,0,0,1
material_data/nr/2ff4daa71fcbce6596ec218982f51f9f.jpg,0,0,0,0,1
material_data/nr/images528.jpg,0,0,0,0,1
material_data/nr/images500.jpg,0,0,0,0,1
material_data/nr/images15.jpg,0,0,0,0,1
material_data/nr/images266.jpg,0,0,0,0,1
material_data/nr/images272.jpg,0,0,0,0,1
material_data/nr/images514.jpg,0,0,0,0,1
material_data/nr/images925.jpg,0,0,0,0,1
material_data/nr/images931.jpg,0,0,0,0,1
material_data/nr/images919.jpg,0,0,0,0,1
material_data/nr/images702.jpg,0,0,0,0,1
material_data/nr/images716.jpg,0,0,0,0,1
material_data/nr/images689.jpg,0,0,0,0,1
material_data/nr/images851.jpg,0,0,0,0,1
material_data/nr/images845.jpg,0,0,0,0,1
material_data/nr/images879.jpg,0,0,0,0,1
material_data/nr/images892.jpg,0,0,0,0,1
material_data/nr/images886.jpg,0,0,0,0,1
material_data/nr/images138.jpg,0,0,0,0,1
material_data/nr/images110.jpg,0,0,0,0,1
material_data/nr/images676.jpg,0,0,0,0,1
material_data/nr/images662.jpg,0,0,0,0,1
material_data/nr/images104.jpg,0,0,0,0,1
material_data/nr/Renovations-Family-MG-e1570048437427.jpg,0,0,0,0,1
material_data/nr/heres-a-look-inside-16-super-expensive-houses-tha-2-8774-1512066738-0_dblbig.jpg,0,0,0,0,1
material_data/nr/1427751434340.jpeg,0,0,0,0,1
material_data/nr/images448.jpg,0,0,0,0,1
material_data/nr/images474.jpg,0,0,0,0,1
material_data/nr/images312.jpg,0,0,0,0,1
material_data/nr/images306.jpg,0,0,0,0,1
material_data/nr/images460.jpg,0,0,0,0,1
material_data/nr/images307.jpg,0,0,0,0,1
material_data/nr/images461.jpg,0,0,0,0,1
material_data/nr/images475.jpg,0,0,0,0,1
material_data/nr/images313.jpg,0,0,0,0,1
material_data/nr/images449.jpg,0,0,0,0,1
material_data/nr/images663.jpg,0,0,0,0,1
material_data/nr/images105.jpg,0,0,0,0,1
material_data/nr/images111.jpg,0,0,0,0,1
material_data/nr/images677.jpg,0,0,0,0,1
material_data/nr/images887.jpg,0,0,0,0,1
material_data/nr/f04a5f3f-4308-4fb0-90e1-580cbc2f159b-AG3I8841_copy_copy.jpg,0,0,0,0,1
material_data/nr/images139.jpg,0,0,0,0,1
material_data/nr/images893.jpg,0,0,0,0,1
material_data/nr/images878.jpg,0,0,0,0,1
material_data/nr/images844.jpg,0,0,0,0,1
material_data/nr/images850.jpg,0,0,0,0,1
material_data/nr/images688.jpg,0,0,0,0,1
material_data/nr/images717.jpg,0,0,0,0,1
material_data/nr/images703.jpg,0,0,0,0,1
material_data/nr/images918.jpg,0,0,0,0,1
material_data/nr/images930.jpg,0,0,0,0,1
material_data/nr/images924.jpg,0,0,0,0,1
material_data/nr/images273.jpg,0,0,0,0,1
material_data/nr/images515.jpg,0,0,0,0,1
material_data/nr/images501.jpg,0,0,0,0,1
material_data/nr/images267.jpg,0,0,0,0,1
material_data/nr/images14.jpg,0,0,0,0,1
material_data/nr/images529.jpg,0,0,0,0,1
material_data/nr/images28.jpg,0,0,0,0,1
material_data/nr/image17.jpeg,0,0,0,0,1
material_data/nr/images298.jpg,0,0,0,0,1
material_data/nr/The-Clover-tiny-home-by-Modern-Tiny-Living-03.jpg,0,0,0,0,1
material_data/nr/images259.jpg,0,0,0,0,1
material_data/nr/images517.jpg,0,0,0,0,1
material_data/nr/images271.jpg,0,0,0,0,1
material_data/nr/images265.jpg,0,0,0,0,1
material_data/nr/images16.jpg,0,0,0,0,1
material_data/nr/images503.jpg,0,0,0,0,1
material_data/nr/images932.jpg,0,0,0,0,1
material_data/nr/images926.jpg,0,0,0,0,1
material_data/nr/images.jpg,0,0,0,0,1
material_data/nr/images729.jpg,0,0,0,0,1
material_data/nr/6ad101f9-a672-4f04-b83b-27e487f0c70c-somma-way-living-room.jpg,0,0,0,0,1
material_data/nr/images715.jpg,0,0,0,0,1
material_data/nr/images701.jpg,0,0,0,0,1
material_data/nr/images846.jpg,0,0,0,0,1
material_data/nr/images852.jpg,0,0,0,0,1
material_data/nr/image21.jpeg,0,0,0,0,1
material_data/nr/images885.jpg,0,0,0,0,1
material_data/nr/images891.jpg,0,0,0,0,1
material_data/nr/images649.jpg,0,0,0,0,1
material_data/nr/images107.jpg,0,0,0,0,1
material_data/nr/images661.jpg,0,0,0,0,1
material_data/nr/images675.jpg,0,0,0,0,1
material_data/nr/images113.jpg,0,0,0,0,1
material_data/nr/images488.jpg,0,0,0,0,1
material_data/nr/images339.jpg,0,0,0,0,1
material_data/nr/Tim-Furlong-Jr.-Artisan-Signature-Homes-Homearama-2016.jpg,0,0,0,0,1
material_data/nr/images463.jpg,0,0,0,0,1
material_data/nr/images305.jpg,0,0,0,0,1
material_data/nr/images311.jpg,0,0,0,0,1
material_data/nr/images477.jpg,0,0,0,0,1
material_data/nr/images310.jpg,0,0,0,0,1
material_data/nr/images476.jpg,0,0,0,0,1
material_data/nr/images462.jpg,0,0,0,0,1
material_data/nr/images304.jpg,0,0,0,0,1
material_data/nr/images338.jpg,0,0,0,0,1
material_data/nr/images489.jpg,0,0,0,0,1
material_data/nr/images674.jpg,0,0,0,0,1
material_data/nr/images112.jpg,0,0,0,0,1
material_data/nr/images106.jpg,0,0,0,0,1
material_data/nr/images660.jpg,0,0,0,0,1
material_data/nr/images648.jpg,0,0,0,0,1
material_data/nr/images890.jpg,0,0,0,0,1
material_data/nr/images884.jpg,0,0,0,0,1
material_data/nr/-inn-englands-oldest-c-947ad-stow-on-the-wold-gloucestershire-england-PKDXBA.jpg,0,0,0,0,1
material_data/nr/images853.jpg,0,0,0,0,1
material_data/nr/image3.jpeg,0,0,0,0,1
material_data/nr/images847.jpg,0,0,0,0,1
material_data/nr/images700.jpg,0,0,0,0,1
material_data/nr/images714.jpg,0,0,0,0,1
material_data/nr/z69UshAjBGNUh7Bxb5RDN3.jpg,0,0,0,0,1
material_data/nr/images728.jpg,0,0,0,0,1
material_data/nr/inside-celebrity-homes-9-outstanding-million-dollar-homes-Tom-Cruise-Top-Apartment.jpg,0,0,0,0,1
material_data/nr/images927.jpg,0,0,0,0,1
material_data/nr/images933.jpg,0,0,0,0,1
material_data/nr/images17.jpg,0,0,0,0,1
material_data/nr/images264.jpg,0,0,0,0,1
material_data/nr/images502.jpg,0,0,0,0,1
material_data/nr/images516.jpg,0,0,0,0,1
material_data/nr/images270.jpg,0,0,0,0,1
material_data/nr/images258.jpg,0,0,0,0,1
material_data/nr/fcdc9c2e-2d18-42cc-80c8-2bb1dd30703b-JG_120919_Small_House_3.jpg,0,0,0,0,1
material_data/glass/images53 1.48.54 PM.jpg,0,0,0,1,0
material_data/glass/images46 1.48.54 PM.jpg,0,0,0,1,0
material_data/glass/images217 1.48.56 PM.jpg,0,0,0,1,0
material_data/glass/1757759.jpg,0,0,0,1,0
material_data/glass/glass-jars-500x500.jpeg,0,0,0,1,0
material_data/glass/image21 1.48.53 PM.jpeg,0,0,0,1,0
material_data/glass/images115 1.48.55 PM.jpg,0,0,0,1,0
material_data/glass/814Pyws8fL._AC_SL1500_.jpg,0,0,0,1,0
material_data/glass/images164 1.48.55 PM.jpg,0,0,0,1,0
material_data/glass/images17 1.48.53 PM.jpg,0,0,0,1,0
material_data/glass/images18 1.48.53 PM.jpg,0,0,0,1,0
material_data/glass/images205 1.48.56 PM.jpg,0,0,0,1,0
material_data/glass/image2 1.48.52 PM.jpeg,0,0,0,1,0
material_data/glass/images41 1.48.54 PM.jpg,0,0,0,1,0
material_data/glass/images54 1.48.54 PM.jpg,0,0,0,1,0
material_data/glass/10062175HermeticJarChalkLabel25oz_x.jpg,0,0,0,1,0
material_data/glass/images38 1.48.54 PM.jpg,0,0,0,1,0
material_data/glass/images112 1.48.55 PM.jpg,0,0,0,1,0
material_data/glass/eco16s-04-14-17__78810.1492808465.jpg,0,0,0,1,0
material_data/glass/GRP29.05_CLEARB.png,0,0,0,1,0
material_data/glass/images49 1.48.54 PM.jpg,0,0,0,1,0
material_data/glass/4_pack__74293.1598550679.jpg,0,0,0,1,0
material_data/glass/images113 1.48.55 PM.jpg,0,0,0,1,0
material_data/glass/image14 1.48.53 PM.jpeg,0,0,0,1,0
material_data/glass/images39 1.48.54 PM.jpg,0,0,0,1,0
material_data/glass/image29 1.48.53 PM.jpeg,0,0,0,1,0
material_data/glass/images162 1.48.55 PM.jpg,0,0,0,1,0
material_data/glass/images48 1.48.54 PM.jpg,0,0,0,1,0
material_data/glass/images55 1.48.54 PM.jpg,0,0,0,1,0
material_data/glass/images19 1.48.53 PM.jpg,0,0,0,1,0
material_data/glass/image30 1.48.53 PM.jpeg,0,0,0,1,0
material_data/glass/image5 1.48.52 PM.jpeg,0,0,0,1,0
material_data/glass/DIY-stained-glass-mason-jars-upside-down.jpg,0,0,0,1,0
material_data/glass/images16 1.48.53 PM.jpg,0,0,0,1,0
material_data/glass/images170 1.48.55 PM.jpg,0,0,0,1,0
material_data/glass/images165 1.48.55 PM.jpg,0,0,0,1,0
material_data/glass/images178 1.48.55 PM.jpg,0,0,0,1,0
material_data/glass/image26 1.48.53 PM.jpeg,0,0,0,1,0
material_data/glass/glass-storage-jar-with-chunky-wooden-lid-large-981461.jpg,0,0,0,1,0
material_data/glass/images216 1.48.56 PM.jpg,0,0,0,1,0
material_data/glass/images47 1.48.54 PM.jpg,0,0,0,1,0
material_data/glass/images52 1.48.54 PM.jpg,0,0,0,1,0
material_data/glass/gal1f__99220.1441782793.jpg,0,0,0,1,0
material_data/glass/images36 1.48.54 PM.jpg,0,0,0,1,0
material_data/glass/image 1.48.52 PM.jpeg,0,0,0,1,0
material_data/glass/images172 1.48.55 PM.jpg,0,0,0,1,0
material_data/glass/images14 1.48.53 PM.jpg,0,0,0,1,0
material_data/glass/65a17582-3152-4e72-af20-2dc5f030b327_1.4f786f1bfee94f987ef5f792a60e68dd.jpeg,0,0,0,1,0
material_data/glass/image15 1.48.53 PM.jpeg,0,0,0,1,0
material_data/glass/1AC041KG-227239.jpg,0,0,0,1,0
material_data/glass/262125_clear_glass_jar_front_02.jpg,0,0,0,1,0
material_data/glass/image28 1.48.53 PM.jpeg,0,0,0,1,0
material_data/glass/images34 1.48.54 PM.jpg,0,0,0,1,0
material_data/glass/image31 1.48.53 PM.jpeg,0,0,0,1,0
material_data/glass/images45 1.48.54 PM.jpg,0,0,0,1,0
material_data/glass/images50 1.48.54 PM.jpg,0,0,0,1,0
material_data/glass/images13 1.48.53 PM.jpg,0,0,0,1,0
material_data/glass/images160 1.48.55 PM.jpg,0,0,0,1,0
material_data/glass/images175 1.48.55 PM.jpg,0,0,0,1,0
material_data/glass/images119 1.48.55 PM.jpg,0,0,0,1,0
material_data/glass/images182 1.48.55 PM.jpg,0,0,0,1,0
material_data/glass/images33 1.48.54 PM.jpg,0,0,0,1,0
material_data/glass/heritage-hill-glass-jars-with-lids.jpg,0,0,0,1,0
material_data/glass/image27 1.48.53 PM.jpeg,0,0,0,1,0
material_data/glass/images183 1.48.55 PM.jpg,0,0,0,1,0
material_data/glass/image20 1.48.53 PM.jpeg,0,0,0,1,0
material_data/glass/images56 1.48.54 PM.jpg,0,0,0,1,0
material_data/glass/images207 1.48.56 PM.jpg,0,0,0,1,0
material_data/glass/images169 1.48.55 PM.jpg,0,0,0,1,0
material_data/glass/4021-87_update.jpg,0,0,0,1,0
material_data/glass/images12 1.48.53 PM.jpg,0,0,0,1,0
material_data/glass/gw-mm4-800x800-bpc_800x800.jpg,0,0,0,1,0
material_data/glass/images110 1.48.55 PM.jpg,0,0,0,1,0
material_data/glass/61FqQA-6LGL._AC_SL1500_.jpg,0,0,0,1,0
material_data/glass/a420704e-4ea6-4b57-8334-fe4242e1a1fa_1.623f6eebd6aa0b9c5ccf70e34fade3d0.jpeg,0,0,0,1,0
material_data/glass/images35 1.48.54 PM.jpg,0,0,0,1,0
material_data/glass/61hFqyyCmQL._SX679___20846.1598379748.jpg,0,0,0,1,0
material_data/glass/images200 1.48.56 PM.jpg,0,0,0,1,0
material_data/glass/images215 1.48.56 PM.jpg,0,0,0,1,0
material_data/glass/314iK3La9ZL._AC_.jpg,0,0,0,1,0
material_data/glass/images51 1.48.54 PM.jpg,0,0,0,1,0
material_data/glass/images44 1.48.54 PM.jpg,0,0,0,1,0
material_data/glass/images15 1.48.53 PM.jpg,0,0,0,1,0
material_data/glass/0006036_9-oz-glass-straight-side-jar-70-400-neck-finish-clear.jpeg,0,0,0,1,0
material_data/glass/images28 1.48.54 PM.jpg,0,0,0,1,0
material_data/glass/688320CommercialStraightSidedJar4oz_.jpg,0,0,0,1,0
material_data/glass/images117 1.48.55 PM.jpg,0,0,0,1,0
material_data/glass/image6 1.48.52 PM.jpeg,0,0,0,1,0
material_data/glass/images195 1.48.56 PM.jpg,0,0,0,1,0
material_data/glass/dimple-glass-jars-collection.jpg,0,0,0,1,0
material_data/glass/image10 1.48.52 PM.jpeg,0,0,0,1,0
material_data/glass/images65 1.48.54 PM.jpg,0,0,0,1,0
material_data/glass/images21 1.48.53 PM.jpg,0,0,0,1,0
material_data/glass/images78 1.48.54 PM.jpg,0,0,0,1,0
material_data/glass/700Wx700H-1521988-0220-px.jpg,0,0,0,1,0
material_data/glass/images92 1.48.54 PM.jpg,0,0,0,1,0
material_data/glass/images87 1.48.54 PM.jpg,0,0,0,1,0
material_data/glass/image17 1.48.53 PM.jpeg,0,0,0,1,0
material_data/glass/images88 1.48.54 PM.jpg,0,0,0,1,0
material_data/glass/images139 1.48.55 PM.jpg,0,0,0,1,0
material_data/glass/images6 1.48.53 PM.jpg,0,0,0,1,0
material_data/glass/images192 1.48.56 PM.jpg,0,0,0,1,0
material_data/glass/images187 1.48.56 PM.jpg,0,0,0,1,0
material_data/glass/anchor-hocking-25-gallon-glass-montana-jar-with-brushed-metal-lid.jpg,0,0,0,1,0
material_data/glass/images100 1.48.54 PM.jpg,0,0,0,1,0
material_data/glass/image18 1.48.53 PM.jpeg,0,0,0,1,0
material_data/glass/image25 1.48.53 PM.jpeg,0,0,0,1,0
material_data/glass/images77 1.48.54 PM.jpg,0,0,0,1,0
material_data/glass/images62 1.48.54 PM.jpg,0,0,0,1,0
material_data/glass/images140 1.48.55 PM.jpg,0,0,0,1,0
material_data/glass/images26 1.48.53 PM.jpg,0,0,0,1,0
material_data/glass/image9 1.48.52 PM.jpeg,0,0,0,1,0
material_data/glass/images108 1.48.54 PM.jpg,0,0,0,1,0
material_data/glass/7fe65c05-4416-4d4d-98ba-e79f8505695c_1.54fbe2ddd0513cc4249eab0220ed92a0.jpeg,0,0,0,1,0
material_data/glass/images80 1.48.54 PM.jpg,0,0,0,1,0
material_data/glass/g5689-c_1_2.jpg,0,0,0,1,0
material_data/glass/images27 1.48.53 PM.jpg,0,0,0,1,0
material_data/glass/images141 1.48.55 PM.jpg,0,0,0,1,0
material_data/glass/images130 1.48.55 PM.jpg,0,0,0,1,0
material_data/glass/images125 1.48.55 PM.jpg,0,0,0,1,0
material_data/glass/images81 1.48.54 PM.jpg,0,0,0,1,0
material_data/glass/artista-glass-jar-container-300ml-q3-artista-original-imaffwgg66rgkzza.jpeg,0,0,0,1,0
material_data/glass/images101 1.48.54 PM.jpg,0,0,0,1,0
material_data/glass/images186 1.48.56 PM.jpg,0,0,0,1,0
material_data/glass/images7 1.48.53 PM.jpg,0,0,0,1,0
material_data/glass/images138 1.48.55 PM.jpg,0,0,0,1,0
material_data/glass/images89 1.48.54 PM.jpg,0,0,0,1,0
material_data/glass/image22 1.48.53 PM.jpeg,0,0,0,1,0
material_data/glass/images63 1.48.54 PM.jpg,0,0,0,1,0
material_data/glass/images76 1.48.54 PM.jpg,0,0,0,1,0
material_data/glass/images79 1.48.54 PM.jpg,0,0,0,1,0
material_data/glass/images153 1.48.55 PM.jpg,0,0,0,1,0
material_data/glass/1457498_01i_0214_s.jpg,0,0,0,1,0
material_data/glass/images8 1.48.53 PM.jpg,0,0,0,1,0
material_data/glass/images86 1.48.54 PM.jpg,0,0,0,1,0
material_data/glass/images93 1.48.54 PM.jpg,0,0,0,1,0
material_data/glass/4021-32LRG.jpg,0,0,0,1,0
material_data/glass/images106 1.48.54 PM.jpg,0,0,0,1,0
material_data/glass/images71 1.48.54 PM.jpg,0,0,0,1,0
material_data/glass/9188-w_personalized-mini-glass-bottle-with-wire-snapaf43197562c080bccefaa16c68cf4aa8.jpg,0,0,0,1,0
material_data/glass/images64 1.48.54 PM.jpg,0,0,0,1,0
material_data/glass/images22 1.48.53 PM.jpg,0,0,0,1,0
material_data/glass/72020GlassCrackerJarAl1gal_x.jpg,0,0,0,1,0
material_data/glass/700Wx700H-1330729-0220-px.jpg,0,0,0,1,0
material_data/glass/GRP29.03_CLEARB.png,0,0,0,1,0
material_data/glass/images73 1.48.54 PM.jpg,0,0,0,1,0
material_data/glass/images66 1.48.54 PM.jpg,0,0,0,1,0
material_data/glass/images159 1.48.55 PM.jpg,0,0,0,1,0
material_data/glass/fifteen-uses-for-glass-jars-fb.jpg,0,0,0,1,0
material_data/glass/images2 1.48.53 PM.jpg,0,0,0,1,0
material_data/glass/0010772_2-oz-glass-round-wide-mouth-jar-38-400-neck-finish-clear.jpeg,0,0,0,1,0
material_data/glass/images196 1.48.56 PM.jpg,0,0,0,1,0
material_data/glass/image23 1.48.53 PM.jpeg,0,0,0,1,0
material_data/glass/Gallon-Glass-Jar-2-Pack-1.png,0,0,0,1,0
material_data/glass/images199 1.48.56 PM.jpg,0,0,0,1,0
material_data/glass/4016-11.jpg,0,0,0,1,0
material_data/glass/images96 1.48.54 PM.jpg,0,0,0,1,0
material_data/glass/images83 1.48.54 PM.jpg,0,0,0,1,0
material_data/glass/images132 1.48.55 PM.jpg,0,0,0,1,0
material_data/glass/images127 1.48.55 PM.jpg,0,0,0,1,0
material_data/glass/image11 1.48.53 PM.jpeg,0,0,0,1,0
material_data/glass/images69 1.48.54 PM.jpg,0,0,0,1,0
material_data/glass/8_ounce_straight_sided_jar.jpg,0,0,0,1,0
material_data/glass/images156 1.48.55 PM.jpg,0,0,0,1,0
material_data/glass/images25 1.48.53 PM.jpg,0,0,0,1,0
material_data/glass/images61 1.48.54 PM.jpg,0,0,0,1,0
material_data/glass/images74 1.48.54 PM.jpg,0,0,0,1,0
material_data/glass/images184 1.48.56 PM.jpg,0,0,0,1,0
material_data/glass/beehive-glass-jar-sets-c.jpg,0,0,0,1,0
material_data/glass/images75 1.48.54 PM.jpg,0,0,0,1,0
material_data/glass/images60 1.48.54 PM.jpg,0,0,0,1,0
material_data/glass/51gzKwuc1LL._AC_SX569_.jpg,0,0,0,1,0
material_data/glass/700Wx700H-853788-0220-px.jpg,0,0,0,1,0
material_data/glass/images102 1.48.54 PM.jpg,0,0,0,1,0
material_data/glass/images190 1.48.56 PM.jpg,0,0,0,1,0
material_data/glass/images185 1.48.56 PM.jpg,0,0,0,1,0
material_data/glass/images126 1.48.55 PM.jpg,0,0,0,1,0
material_data/glass/images82 1.48.54 PM.jpg,0,0,0,1,0
material_data/glass/images97 1.48.54 PM.jpg,0,0,0,1,0
material_data/glass/image16 1.48.53 PM.jpeg,0,0,0,1,0
material_data/glass/images24 1.48.53 PM.jpg,0,0,0,1,0
material_data/glass/28020043-1_1.jpg,0,0,0,1,0
material_data/glass/images142 1.48.55 PM.jpg,0,0,0,1,0
material_data/glass/images157 1.48.55 PM.jpg,0,0,0,1,0
material_data/glass/3-4.png,0,0,0,1,0
material_data/glass/amber_glass_jar__65253.1592259477.jpg,0,0,0,1,0
material_data/glass/images68 1.48.54 PM.jpg,0,0,0,1,0
material_data/glass/image19 1.48.53 PM.jpeg,0,0,0,1,0
material_data/glass/images158 1.48.55 PM.jpg,0,0,0,1,0
material_data/glass/image24 1.48.53 PM.jpeg,0,0,0,1,0
material_data/glass/images67 1.48.54 PM.jpg,0,0,0,1,0
material_data/glass/images72 1.48.54 PM.jpg,0,0,0,1,0
material_data/glass/056440_01_ml.jpg,0,0,0,1,0
material_data/glass/images98 1.48.54 PM.jpg,0,0,0,1,0
material_data/glass/images129 1.48.55 PM.jpg,0,0,0,1,0
material_data/glass/48-oz.-Anchor-Square-Jar-with-Glass-Lid.jpg,0,0,0,1,0
material_data/glass/images197 1.48.56 PM.jpg,0,0,0,1,0
material_data/glass/images3 1.48.53 PM.jpg,0,0,0,1,0
material_data/glass/images105 1.48.54 PM.jpg,0,0,0,1,0
material_data/glass/1SS081CHGP-726057.jpg,0,0,0,1,0
material_data/glass/images85 1.48.54 PM.jpg,0,0,0,1,0
material_data/glass/images134 1.48.55 PM.jpg,0,0,0,1,0
material_data/glass/images121 1.48.55 PM.jpg,0,0,0,1,0
material_data/glass/images145 1.48.55 PM.jpg,0,0,0,1,0
material_data/glass/images23 1.48.53 PM.jpg,0,0,0,1,0
material_data/glass/eco12g-04-14-17__55254.1492808339.jpg,0,0,0,1,0
material_data/cans/images282.jpg,0,0,1,0,0
material_data/cans/images686.jpg,0,0,1,0,0
material_data/cans/image22.jpeg,0,0,1,0,0
material_data/cans/images137.jpg,0,0,1,0,0
material_data/cans/images679.jpg,0,0,1,0,0
material_data/cans/canned-food.jpg,0,0,1,0,0
material_data/cans/images490.jpg,0,0,1,0,0
material_data/cans/images453.jpg,0,0,1,0,0
material_data/cans/images309.jpg,0,0,1,0,0
material_data/cans/images308.jpg,0,0,1,0,0
material_data/cans/images452.jpg,0,0,1,0,0
material_data/cans/images320.jpg,0,0,1,0,0
material_data/cans/images491.jpg,0,0,1,0,0
material_data/cans/images650.jpg,0,0,1,0,0
material_data/cans/images644.jpg,0,0,1,0,0
material_data/cans/images268.jpg,0,0,1,0,0
material_data/cans/images526.jpg,0,0,1,0,0
material_data/cans/images254.jpg,0,0,1,0,0
material_data/cans/image18.jpeg,0,0,1,0,0
material_data/cans/images297.jpg,0,0,1,0,0
material_data/cans/images281.jpg,0,0,1,0,0
material_data/cans/images31.jpg,0,0,1,0,0
material_data/cans/images242.jpg,0,0,1,0,0
material_data/cans/images524.jpg,0,0,1,0,0
material_data/cans/images530.jpg,0,0,1,0,0
material_data/cans/images25.jpg,0,0,1,0,0
material_data/cans/images256.jpg,0,0,1,0,0
material_data/cans/images518.jpg,0,0,1,0,0
material_data/cans/metal-cans-market.jpg,0,0,1,0,0
material_data/cans/images691.jpg,0,0,1,0,0
material_data/cans/images685.jpg,0,0,1,0,0
material_data/cans/images134.jpg,0,0,1,0,0
material_data/cans/images646.jpg,0,0,1,0,0
material_data/cans/images108.jpg,0,0,1,0,0
material_data/cans/images444.jpg,0,0,1,0,0
material_data/cans/images445.jpg,0,0,1,0,0
material_data/cans/images451.jpg,0,0,1,0,0
material_data/cans/images486.jpg,0,0,1,0,0
material_data/cans/images684.jpg,0,0,1,0,0
material_data/cans/images690.jpg,0,0,1,0,0
material_data/cans/beer-cans.jpg,0,0,1,0,0
material_data/cans/images257.jpg,0,0,1,0,0
material_data/cans/images24.jpg,0,0,1,0,0
material_data/cans/images525.jpg,0,0,1,0,0
material_data/cans/image14.jpeg,0,0,1,0,0
material_data/cans/Beer-and-soda-cans-found-to-have-traces-of-bisphenol-A_wrbm_large.png,0,0,1,0,0
material_data/cans/image15.jpeg,0,0,1,0,0
material_data/cans/images290.jpg,0,0,1,0,0
material_data/cans/images509.jpg,0,0,1,0,0
material_data/cans/images521.jpg,0,0,1,0,0
material_data/cans/images247.jpg,0,0,1,0,0
material_data/cans/collection-of-cans-04-andy-lawless.jpg,0,0,1,0,0
material_data/cans/0001200010010_B.jpg,0,0,1,0,0
material_data/cans/images131.jpg,0,0,1,0,0
material_data/cans/images643.jpg,0,0,1,0,0
material_data/cans/aluminumcansnew-africasstock.png,0,0,1,0,0
material_data/cans/images482.jpg,0,0,1,0,0
material_data/cans/images469.jpg,0,0,1,0,0
material_data/cans/images455.jpg,0,0,1,0,0
material_data/cans/jevweb1_1_7b5ec3a2-fcb1-4c2d-a217-a63bf859f1f9.png,0,0,1,0,0
material_data/cans/images454.jpg,0,0,1,0,0
material_data/cans/61QUHJghc-L._SL1400_.jpg,0,0,1,0,0
material_data/cans/images483.jpg,0,0,1,0,0
material_data/cans/images124.jpg,0,0,1,0,0
material_data/cans/images130.jpg,0,0,1,0,0
material_data/cans/1200px-Empty_tin_can2009-01-19.jpg,0,0,1,0,0
material_data/cans/images246.jpg,0,0,1,0,0
material_data/cans/images508.jpg,0,0,1,0,0
material_data/cans/images291.jpg,0,0,1,0,0
material_data/cans/images287.jpg,0,0,1,0,0
material_data/cans/images536.jpg,0,0,1,0,0
material_data/cans/images250.jpg,0,0,1,0,0
material_data/cans/images23.jpg,0,0,1,0,0
material_data/cans/alum-cans.jpg,0,0,1,0,0
material_data/cans/images683.jpg,0,0,1,0,0
material_data/cans/images668.jpg,0,0,1,0,0
material_data/cans/images132.jpg,0,0,1,0,0
material_data/cans/images495.jpg,0,0,1,0,0
material_data/cans/coke-300x300.jpg,0,0,1,0,0
material_data/cans/images442.jpg,0,0,1,0,0
material_data/cans/images331.jpg,0,0,1,0,0
material_data/cans/images443.jpg,0,0,1,0,0
material_data/cans/images325.jpg,0,0,1,0,0
material_data/cans/images494.jpg,0,0,1,0,0
material_data/cans/images480.jpg,0,0,1,0,0
material_data/cans/images655.jpg,0,0,1,0,0
material_data/cans/images133.jpg,0,0,1,0,0
material_data/cans/images641.jpg,0,0,1,0,0
material_data/cans/trivium-petfood-feature.png,0,0,1,0,0
material_data/cans/image23.jpeg,0,0,1,0,0
material_data/cans/how-to-recycle-aluminum-cans.png,0,0,1,0,0
material_data/cans/1000x-1.jpg,0,0,1,0,0
material_data/cans/images523.jpg,0,0,1,0,0
material_data/cans/images537.jpg,0,0,1,0,0
material_data/cans/images279.jpg,0,0,1,0,0
material_data/cans/images593.jpg,0,0,1,0,0
material_data/cans/images92.jpg,0,0,1,0,0
material_data/cans/images222.jpg,0,0,1,0,0
material_data/cans/images79.jpg,0,0,1,0,0
material_data/cans/images578.jpg,0,0,1,0,0
material_data/cans/images183.jpg,0,0,1,0,0
material_data/cans/images140.jpg,0,0,1,0,0
material_data/cans/images626.jpg,0,0,1,0,0
material_data/cans/image28.jpeg,0,0,1,0,0
material_data/cans/images632.jpg,0,0,1,0,0
material_data/cans/maxresdefault.jpg,0,0,1,0,0
material_data/cans/images395.jpg,0,0,1,0,0
material_data/cans/images424.jpg,0,0,1,0,0
material_data/cans/OPENTOP20GRP.JPG.jpg,0,0,1,0,0
material_data/cans/images356.jpg,0,0,1,0,0
material_data/cans/images418.jpg,0,0,1,0,0
material_data/cans/images431.jpg,0,0,1,0,0
material_data/cans/images633.jpg,0,0,1,0,0
material_data/cans/images627.jpg,0,0,1,0,0
material_data/cans/images579.jpg,0,0,1,0,0
material_data/cans/images50.jpg,0,0,1,0,0
material_data/cans/images545.jpg,0,0,1,0,0
material_data/cans/images551.jpg,0,0,1,0,0
material_data/cans/images44.jpg,0,0,1,0,0
material_data/cans/spoiled-cans-1.jpg,0,0,1,0,0
material_data/cans/images586.jpg,0,0,1,0,0
material_data/cans/image12.jpeg,0,0,1,0,0
material_data/cans/images592.jpg,0,0,1,0,0
material_data/cans/images584.jpg,0,0,1,0,0
material_data/cans/images85.jpg,0,0,1,0,0
material_data/cans/images590.jpg,0,0,1,0,0
material_data/cans/images235.jpg,0,0,1,0,0
material_data/cans/image24.jpeg,0,0,1,0,0
material_data/cans/images631.jpg,0,0,1,0,0
material_data/cans/images625.jpg,0,0,1,0,0
material_data/cans/images143.jpg,0,0,1,0,0
material_data/cans/images5.jpg,0,0,1,0,0
material_data/cans/images619.jpg,0,0,1,0,0
material_data/cans/images396.jpg,0,0,1,0,0
material_data/cans/images382.jpg,0,0,1,0,0
material_data/cans/images355.jpg,0,0,1,0,0
material_data/cans/images369.jpg,0,0,1,0,0
material_data/cans/images426.jpg,0,0,1,0,0
material_data/cans/images354.jpg,0,0,1,0,0
material_data/cans/images142.jpg,0,0,1,0,0
material_data/cans/images156.jpg,0,0,1,0,0
material_data/cans/image6.jpeg,0,0,1,0,0
material_data/cans/images195.jpg,0,0,1,0,0
material_data/cans/images552.jpg,0,0,1,0,0
material_data/cans/images53.jpg,0,0,1,0,0
material_data/cans/images585.jpg,0,0,1,0,0
material_data/cans/images595.jpg,0,0,1,0,0
material_data/cans/images57.jpg,0,0,1,0,0
material_data/cans/Blog_02.21.2017.jpg,0,0,1,0,0
material_data/cans/images634.jpg,0,0,1,0,0
material_data/cans/images146.jpg,0,0,1,0,0
material_data/cans/91SuatE1JUL.jpg,0,0,1,0,0
material_data/cans/images387.jpg,0,0,1,0,0
material_data/cans/images378.jpg,0,0,1,0,0
material_data/cans/images422.jpg,0,0,1,0,0
material_data/cans/images351.jpg,0,0,1,0,0
material_data/cans/images437.jpg,0,0,1,0,0
material_data/cans/12_oz_cans_2_1.png,0,0,1,0,0
material_data/cans/images386.jpg,0,0,1,0,0
material_data/cans/images621.jpg,0,0,1,0,0
material_data/cans/images635.jpg,0,0,1,0,0
material_data/cans/images153.jpg,0,0,1,0,0
material_data/cans/images609.jpg,0,0,1,0,0
material_data/cans/image25.jpeg,0,0,1,0,0
material_data/cans/images190.jpg,0,0,1,0,0
material_data/cans/images557.jpg,0,0,1,0,0
material_data/cans/images219.jpg,0,0,1,0,0
material_data/cans/images95.jpg,0,0,1,0,0
material_data/cans/image13.jpeg,0,0,1,0,0
material_data/cans/variety-pack-cans-rtd-variant-g-fuel-gamer-drink-967097.png,0,0,1,0,0
material_data/cans/1.jpgC731FF29-8915-4CAB-B762-A55523352832Large.jpg,0,0,1,0,0
material_data/cans/images569.jpg,0,0,1,0,0
material_data/cans/images68.jpg,0,0,1,0,0
material_data/cans/images541.jpg,0,0,1,0,0
material_data/cans/images54.jpg,0,0,1,0,0
material_data/cans/images186.jpg,0,0,1,0,0
material_data/cans/images179.jpg,0,0,1,0,0
material_data/cans/images151.jpg,0,0,1,0,0
material_data/cans/images637.jpg,0,0,1,0,0
material_data/cans/images390.jpg,0,0,1,0,0
material_data/cans/images409.jpg,0,0,1,0,0
material_data/cans/images435.jpg,0,0,1,0,0
material_data/cans/images353.jpg,0,0,1,0,0
material_data/cans/images434.jpg,0,0,1,0,0
material_data/cans/images352.jpg,0,0,1,0,0
material_data/cans/images420.jpg,0,0,1,0,0
material_data/cans/images408.jpg,0,0,1,0,0
material_data/cans/images636.jpg,0,0,1,0,0
material_data/cans/images622.jpg,0,0,1,0,0
material_data/cans/image29.jpeg,0,0,1,0,0
material_data/cans/images2.jpg,0,0,1,0,0
material_data/cans/images193.jpg,0,0,1,0,0
material_data/cans/SEC_58914741.jpg,0,0,1,0,0
material_data/cans/images55.jpg,0,0,1,0,0
material_data/cans/images568.jpg,0,0,1,0,0
material_data/cans/CansColl1.png6CA29AAC-1D54-48E8-A923-91E2BD38B42BLarge.jpg,0,0,1,0,0
material_data/cans/images597.jpg,0,0,1,0,0
material_data/cans/image10.jpeg,0,0,1,0,0
material_data/cans/images571.jpg,0,0,1,0,0
material_data/cans/images217.jpg,0,0,1,0,0
material_data/cans/images203.jpg,0,0,1,0,0
material_data/cans/images58.jpg,0,0,1,0,0
material_data/cans/trivium-food-hdr.png,0,0,1,0,0
material_data/cans/33504_500x500.png,0,0,1,0,0
material_data/cans/images161.jpg,0,0,1,0,0
material_data/cans/images607.jpg,0,0,1,0,0
material_data/cans/image8.jpeg,0,0,1,0,0
material_data/cans/images363.jpg,0,0,1,0,0
material_data/cans/images377.jpg,0,0,1,0,0
material_data/cans/images411.jpg,0,0,1,0,0
material_data/cans/images438.jpg,0,0,1,0,0
material_data/cans/images410.jpg,0,0,1,0,0
material_data/cans/12pk2018.jpg,0,0,1,0,0
material_data/cans/images202.jpg,0,0,1,0,0
material_data/cans/images570.jpg,0,0,1,0,0
material_data/cans/how-to-recycle-tin-cans.png,0,0,1,0,0
material_data/cans/images216.jpg,0,0,1,0,0
material_data/cans/images65.jpg,0,0,1,0,0
material_data/cans/coke-cans.jpg,0,0,1,0,0
material_data/cans/images73.jpg,0,0,1,0,0
material_data/cans/images67.jpg,0,0,1,0,0
material_data/cans/images572.jpg,0,0,1,0,0
material_data/cans/images228.jpg,0,0,1,0,0
material_data/cans/3_piece_can_new_03.png,0,0,1,0,0
material_data/cans/H9fe11a991a3a4e47b69e6462802c046fK.jpg,0,0,1,0,0
material_data/cans/Screen-Shot-2019-06-27-at-2.59.36-PM-e1561681171942.png,0,0,1,0,0
material_data/cans/images189.jpg,0,0,1,0,0
material_data/cans/images176.jpg,0,0,1,0,0
material_data/cans/images610.jpg,0,0,1,0,0
material_data/cans/images604.jpg,0,0,1,0,0
material_data/cans/images162.jpg,0,0,1,0,0
material_data/cans/images638.jpg,0,0,1,0,0
material_data/cans/images412.jpg,0,0,1,0,0
material_data/cans/images374.jpg,0,0,1,0,0
material_data/cans/images360.jpg,0,0,1,0,0
material_data/cans/images413.jpg,0,0,1,0,0
material_data/cans/images605.jpg,0,0,1,0,0
material_data/cans/image26.jpeg,0,0,1,0,0
material_data/cans/image30.jpeg,0,0,1,0,0
material_data/cans/images66.jpg,0,0,1,0,0
material_data/cans/images72.jpg,0,0,1,0,0
material_data/cans/images201.jpg,0,0,1,0,0
material_data/cans/images99.jpg,0,0,1,0,0
material_data/cans/images598.jpg,0,0,1,0,0
material_data/cans/images89.jpg,0,0,1,0,0
material_data/cans/images588.jpg,0,0,1,0,0
material_data/cans/image.jpeg,0,0,1,0,0
material_data/cans/images205.jpg,0,0,1,0,0
material_data/cans/images577.jpg,0,0,1,0,0
material_data/cans/images62.jpg,0,0,1,0,0
material_data/cans/images173.jpg,0,0,1,0,0
material_data/cans/images167.jpg,0,0,1,0,0
material_data/cans/images601.jpg,0,0,1,0,0
material_data/cans/images9.jpg,0,0,1,0,0
material_data/cans/images359.jpg,0,0,1,0,0
material_data/cans/images417.jpg,0,0,1,0,0
material_data/cans/images365.jpg,0,0,1,0,0
material_data/cans/images402.jpg,0,0,1,0,0
material_data/cans/images416.jpg,0,0,1,0,0
material_data/cans/images8.jpg,0,0,1,0,0
material_data/cans/images614.jpg,0,0,1,0,0
material_data/cans/images199.jpg,0,0,1,0,0
material_data/cans/black-and-white-cans-doses-19954.jpg,0,0,1,0,0
material_data/cans/images210.jpg,0,0,1,0,0
material_data/cans/images562.jpg,0,0,1,0,0
material_data/cans/images548.jpg,0,0,1,0,0
material_data/cans/0821-Summer-Canned-Beverages.jpg,0,0,1,0,0
material_data/cans/images206.jpg,0,0,1,0,0
material_data/cans/images158.jpg,0,0,1,0,0
material_data/cans/images170.jpg,0,0,1,0,0
material_data/cans/images616.jpg,0,0,1,0,0
material_data/cans/images366.jpg,0,0,1,0,0
material_data/cans/images400.jpg,0,0,1,0,0
material_data/cans/images414.jpg,0,0,1,0,0
material_data/cans/images372.jpg,0,0,1,0,0
material_data/cans/images415.jpg,0,0,1,0,0
material_data/cans/images373.jpg,0,0,1,0,0
material_data/cans/images367.jpg,0,0,1,0,0
material_data/cans/images401.jpg,0,0,1,0,0
material_data/cans/images159.jpg,0,0,1,0,0
material_data/cans/images561.jpg,0,0,1,0,0
material_data/cans/merlin_160763178_71b0d03a-d399-4d81-ac4d-db47d601c594-videoSixteenByNineJumbo1600.jpg,0,0,1,0,0
material_data/cans/image11.jpeg,0,0,1,0,0
material_data/cans/images506.jpg,0,0,1,0,0
material_data/cans/images248.jpg,0,0,1,0,0
material_data/cans/beer_cans_f.jpg,0,0,1,0,0
material_data/cans/image2.jpeg,0,0,1,0,0
material_data/cans/images670.jpg,0,0,1,0,0
material_data/cans/images658.jpg,0,0,1,0,0
material_data/cans/images300.jpg,0,0,1,0,0
material_data/cans/images466.jpg,0,0,1,0,0
material_data/cans/images473.jpg,0,0,1,0,0
material_data/cans/images315.jpg,0,0,1,0,0
material_data/cans/images467.jpg,0,0,1,0,0
material_data/cans/images671.jpg,0,0,1,0,0
material_data/cans/images249.jpg,0,0,1,0,0
material_data/cans/images507.jpg,0,0,1,0,0
material_data/cans/images261.jpg,0,0,1,0,0
material_data/cans/images275.jpg,0,0,1,0,0
material_data/cans/image16.jpeg,0,0,1,0,0
material_data/cans/images505.jpg,0,0,1,0,0
material_data/cans/images511.jpg,0,0,1,0,0
material_data/cans/images277.jpg,0,0,1,0,0
material_data/cans/images673.jpg,0,0,1,0,0
material_data/cans/images667.jpg,0,0,1,0,0
material_data/cans/m6ElRQRQGF75QizR9EiQ_wellscan-CNTCWP1002-100oz-603x700-3pc-Metal-Cans-Lids-10PK-B.jpg,0,0,1,0,0
material_data/cans/images129.jpg,0,0,1,0,0
material_data/cans/bacardi-sunset-punch-mojito-and-rum-punch-canned-cocktails-1621959201.jpg,0,0,1,0,0
material_data/cans/images303.jpg,0,0,1,0,0
material_data/cans/images464.jpg,0,0,1,0,0
material_data/cans/images316.jpg,0,0,1,0,0
material_data/cans/images672.jpg,0,0,1,0,0
material_data/cans/_600.jpg,0,0,1,0,0
material_data/cans/images39.jpg,0,0,1,0,0
material_data/cans/images11.jpg,0,0,1,0,0
material_data/cans/images289.jpg,0,0,1,0,0
material_data/cans/cannedfood.jpg,0,0,1,0,0
material_data/cans/34065.png,0,0,1,0,0
material_data/cans/images29.jpg,0,0,1,0,0
material_data/cans/images500.jpg,0,0,1,0,0
material_data/cans/images15.jpg,0,0,1,0,0
material_data/cans/images514.jpg,0,0,1,0,0
material_data/cans/5dfae987a8f4293b45f7f9f9_AP4I3190.jpg,0,0,1,0,0
material_data/cans/images110.jpg,0,0,1,0,0
material_data/cans/images676.jpg,0,0,1,0,0
material_data/cans/images662.jpg,0,0,1,0,0
material_data/cans/images474.jpg,0,0,1,0,0
material_data/cans/images475.jpg,0,0,1,0,0
material_data/cans/Row-of-beer-cans-1700x491.png,0,0,1,0,0
material_data/cans/images663.jpg,0,0,1,0,0
material_data/cans/images515.jpg,0,0,1,0,0
material_data/cans/images501.jpg,0,0,1,0,0
material_data/cans/images267.jpg,0,0,1,0,0
material_data/cans/images14.jpg,0,0,1,0,0
material_data/cans/images28.jpg,0,0,1,0,0
material_data/cans/12ozBrite_grande.png,0,0,1,0,0
material_data/cans/images259.jpg,0,0,1,0,0
material_data/cans/images503.jpg,0,0,1,0,0
material_data/cans/images649.jpg,0,0,1,0,0
material_data/cans/images675.jpg,0,0,1,0,0
material_data/cans/images488.jpg,0,0,1,0,0
material_data/cans/images463.jpg,0,0,1,0,0
material_data/cans/images305.jpg,0,0,1,0,0
material_data/cans/images310.jpg,0,0,1,0,0
material_data/cans/images462.jpg,0,0,1,0,0
material_data/cans/images674.jpg,0,0,1,0,0
material_data/cans/images112.jpg,0,0,1,0,0
material_data/cans/images660.jpg,0,0,1,0,0
material_data/cans/image3.jpeg,0,0,1,0,0
material_data/cans/images264.jpg,0,0,1,0,0
material_data/cans/images502.jpg,0,0,1,0,0
material_data/cans/images270.jpg,0,0,1,0,0